11:43:07 **** Incremental Build of configuration Debug for project I2C_test2 ****
make -j12 all 
arm-none-eabi-gcc "../Core/Src/main.c" -mcpu=cortex-m7 -std=gnu11 -g3 -DDEBUG -DUSE_HAL_DRIVER -DSTM32F746xx -c -I../Core/Inc -I../Drivers/STM32F7xx_HAL_Driver/Inc -I../Drivers/STM32F7xx_HAL_Driver/Inc/Legacy -I../Drivers/CMSIS/Device/ST/STM32F7xx/Include -I../Drivers/CMSIS/Include -O0 -ffunction-sections -fdata-sections -Wall -fstack-usage -fcyclomatic-complexity -MMD -MP -MF"Core/Src/main.d" -MT"Core/Src/main.o" --specs=nano.specs -mfpu=fpv5-sp-d16 -mfloat-abi=hard -mthumb -o "Core/Src/main.o"
arm-none-eabi-gcc -o "I2C_test2.elf" @"objects.list"   -mcpu=cortex-m7 -T"/home/invadl0640/Desktop/STM32 Codes/I2C_test2/STM32F746NGHX_FLASH.ld" --specs=nosys.specs -Wl,-Map="I2C_test2.map" -Wl,--gc-sections -static --specs=nano.specs -mfpu=fpv5-sp-d16 -mfloat-abi=hard -mthumb -Wl,--start-group -lc -lm -Wl,--end-group
Finished building target: I2C_test2.elf
 
arm-none-eabi-size  I2C_test2.elf 
arm-none-eabi-objdump -h -S I2C_test2.elf  > "I2C_test2.list"
   text	   data	    bss	    dec	    hex	filename
  11652	     20	   1660	  13332	   3414	I2C_test2.elf
Finished building: default.size.stdout
 
Finished building: I2C_test2.list
 
11:44:11 **** Incremental Build of configuration Debug for project I2C_test2 ****
make -j12 all 
arm-none-eabi-size  I2C_test2.elf 
   text	   data	    bss	    dec	    hex	filename
  11652	     20	   1660	  13332	   3414	I2C_test2.elf
Finished building: default.size.stdout
 
11:46:14 **** Incremental Build of configuration Debug for project I2C_test2 ****
make -j12 all 
arm-none-eabi-size  I2C_test2.elf 
   text	   data	    bss	    dec	    hex	filename
  11652	     20	   1660	  13332	   3414	I2C_test2.elf
Finished building: default.size.stdout
 
11:52:48 **** Incremental Build of configuration Debug for project I2C_test2 ****
make -j12 all 
arm-none-eabi-size  I2C_test2.elf 
   text	   data	    bss	    dec	    hex	filename
  11652	     20	   1660	  13332	   3414	I2C_test2.elf
Finished building: default.size.stdout
 
11:53:35 **** Incremental Build of configuration Debug for project I2C_test2 ****
make -j12 all 
arm-none-eabi-size  I2C_test2.elf 
   text	   data	    bss	    dec	    hex	filename
  11652	     20	   1660	  13332	   3414	I2C_test2.elf
Finished building: default.size.stdout
 
11:53:46 **** Incremental Build of configuration Debug for project I2C_test2 ****
make -j12 all 
arm-none-eabi-size  I2C_test2.elf 
   text	   data	    bss	    dec	    hex	filename
  11652	     20	   1660	  13332	   3414	I2C_test2.elf
Finished building: default.size.stdout
 
11:54:07 **** Incremental Build of configuration Debug for project I2C_test2 ****
make -j12 all 
arm-none-eabi-size  I2C_test2.elf 
   text	   data	    bss	    dec	    hex	filename
  11652	     20	   1660	  13332	   3414	I2C_test2.elf
Finished building: default.size.stdout
 
11:54:20 **** Incremental Build of configuration Debug for project I2C_test2 ****
make -j12 all 
arm-none-eabi-size  I2C_test2.elf 
   text	   data	    bss	    dec	    hex	filename
  11652	     20	   1660	  13332	   3414	I2C_test2.elf
Finished building: default.size.stdout
 
11:54:33 **** Incremental Build of configuration Debug for project I2C_test2 ****
make -j12 all 
arm-none-eabi-size  I2C_test2.elf 
   text	   data	    bss	    dec	    hex	filename
  11652	     20	   1660	  13332	   3414	I2C_test2.elf
Finished building: default.size.stdout
 
12:06:53 **** Incremental Build of configuration Debug for project I2C_test2 ****
make -j12 all 
arm-none-eabi-size  I2C_test2.elf 
   text	   data	    bss	    dec	    hex	filename
  11652	     20	   1660	  13332	   3414	I2C_test2.elf
Finished building: default.size.stdout
 
12:16:10 **** Incremental Build of configuration Debug for project I2C_test2 ****
make -j12 all 
arm-none-eabi-size  I2C_test2.elf 
   text	   data	    bss	    dec	    hex	filename
  11652	     20	   1660	  13332	   3414	I2C_test2.elf
Finished building: default.size.stdout
 
12:32:02 **** Incremental Build of configuration Debug for project I2C_test2 ****
make -j12 all 
arm-none-eabi-size  I2C_test2.elf 
   text	   data	    bss	    dec	    hex	filename
  11652	     20	   1660	  13332	   3414	I2C_test2.elf
Finished building: default.size.stdout
 
12:32:35 **** Incremental Build of configuration Debug for project I2C_test2 ****
make -j12 all 
arm-none-eabi-size  I2C_test2.elf 
   text	   data	    bss	    dec	    hex	filename
  11652	     20	   1660	  13332	   3414	I2C_test2.elf
Finished building: default.size.stdout
 
12:32:45 **** Incremental Build of configuration Debug for project I2C_test2 ****
make -j12 all 
arm-none-eabi-size  I2C_test2.elf 
   text	   data	    bss	    dec	    hex	filename
  11652	     20	   1660	  13332	   3414	I2C_test2.elf
Finished building: default.size.stdout
 
12:33:37 **** Incremental Build of configuration Debug for project I2C_test2 ****
make -j12 all 
arm-none-eabi-size  I2C_test2.elf 
   text	   data	    bss	    dec	    hex	filename
  11652	     20	   1660	  13332	   3414	I2C_test2.elf
Finished building: default.size.stdout
 
12:35:05 **** Incremental Build of configuration Debug for project I2C_test2 ****
make -j12 all 
arm-none-eabi-size  I2C_test2.elf 
   text	   data	    bss	    dec	    hex	filename
  11652	     20	   1660	  13332	   3414	I2C_test2.elf
Finished building: default.size.stdout
 
13:28:02 **** Incremental Build of configuration Debug for project I2C_test2 ****
make -j12 all 
arm-none-eabi-size  I2C_test2.elf 
   text	   data	    bss	    dec	    hex	filename
  11652	     20	   1660	  13332	   3414	I2C_test2.elf
Finished building: default.size.stdout
 
13:34:36 **** Incremental Build of configuration Debug for project I2C_test2 ****
make -j12 all 
arm-none-eabi-size  I2C_test2.elf 
   text	   data	    bss	    dec	    hex	filename
  11652	     20	   1660	  13332	   3414	I2C_test2.elf
Finished building: default.size.stdout
 
13:35:12 **** Incremental Build of configuration Debug for project I2C_test2 ****
make -j12 all 
arm-none-eabi-size  I2C_test2.elf 
   text	   data	    bss	    dec	    hex	filename
  11652	     20	   1660	  13332	   3414	I2C_test2.elf
Finished building: default.size.stdout
 
13:45:21 **** Incremental Build of configuration Debug for project I2C_test2 ****
make -j12 all 
arm-none-eabi-size  I2C_test2.elf 
   text	   data	    bss	    dec	    hex	filename
  11652	     20	   1660	  13332	   3414	I2C_test2.elf
Finished building: default.size.stdout
 
14:09:54 **** Incremental Build of configuration Debug for project I2C_test2 ****
make -j12 all 
arm-none-eabi-size  I2C_test2.elf 
   text	   data	    bss	    dec	    hex	filename
  11652	     20	   1660	  13332	   3414	I2C_test2.elf
Finished building: default.size.stdout
 
14:20:49 **** Incremental Build of configuration Debug for project I2C_test2 ****
make -j12 all 
arm-none-eabi-gcc "../Core/Src/main.c" -mcpu=cortex-m7 -std=gnu11 -g3 -DDEBUG -DUSE_HAL_DRIVER -DSTM32F746xx -c -I../Core/Inc -I../Drivers/STM32F7xx_HAL_Driver/Inc -I../Drivers/STM32F7xx_HAL_Driver/Inc/Legacy -I../Drivers/CMSIS/Device/ST/STM32F7xx/Include -I../Drivers/CMSIS/Include -O0 -ffunction-sections -fdata-sections -Wall -fstack-usage -fcyclomatic-complexity -MMD -MP -MF"Core/Src/main.d" -MT"Core/Src/main.o" --specs=nano.specs -mfpu=fpv5-sp-d16 -mfloat-abi=hard -mthumb -o "Core/Src/main.o"
../Core/Src/main.c:82:23: error: initializer element is not constant
   82 | uint16_t i2cAddress = GetEEPROM_I2CAddress(eepromAddress);
      |                       ^~~~~~~~~~~~~~~~~~~~
../Core/Src/main.c:83:23: error: initializer element is not constant
   83 | uint8_t blockOffset = GetEEPROM_BlockOffset(eepromAddress);
      |                       ^~~~~~~~~~~~~~~~~~~~~
../Core/Src/main.c: In function 'main':
../Core/Src/main.c:130:7: error: 'EEPROM_I2C_ADDR' undeclared (first use in this function); did you mean 'EEPROM_BASE_ADDR'?
  130 |       EEPROM_I2C_ADDR,
      |       ^~~~~~~~~~~~~~~
      |       EEPROM_BASE_ADDR
../Core/Src/main.c:130:7: note: each undeclared identifier is reported only once for each function it appears in
../Core/Src/main.c:131:7: error: 'EEPROM_MEM_ADDR' undeclared (first use in this function); did you mean 'EEPROM_BASE_ADDR'?
  131 |       EEPROM_MEM_ADDR,
      |       ^~~~~~~~~~~~~~~
      |       EEPROM_BASE_ADDR
make: *** [Core/Src/subdir.mk:34: Core/Src/main.o] Error 1
"make -j12 all" terminated with exit code 2. Build might be incomplete.
14:27:18 **** Incremental Build of configuration Debug for project I2C_test2 ****
make -j12 all 
arm-none-eabi-gcc "../Core/Src/main.c" -mcpu=cortex-m7 -std=gnu11 -g3 -DDEBUG -DUSE_HAL_DRIVER -DSTM32F746xx -c -I../Core/Inc -I../Drivers/STM32F7xx_HAL_Driver/Inc -I../Drivers/STM32F7xx_HAL_Driver/Inc/Legacy -I../Drivers/CMSIS/Device/ST/STM32F7xx/Include -I../Drivers/CMSIS/Include -O0 -ffunction-sections -fdata-sections -Wall -fstack-usage -fcyclomatic-complexity -MMD -MP -MF"Core/Src/main.d" -MT"Core/Src/main.o" --specs=nano.specs -mfpu=fpv5-sp-d16 -mfloat-abi=hard -mthumb -o "Core/Src/main.o"
../Core/Src/main.c:82:23: error: initializer element is not constant
   82 | uint16_t i2cAddress = GetEEPROM_I2CAddress(eepromAddress);
      |                       ^~~~~~~~~~~~~~~~~~~~
../Core/Src/main.c:83:23: error: initializer element is not constant
   83 | uint8_t blockOffset = GetEEPROM_BlockOffset(eepromAddress);
      |                       ^~~~~~~~~~~~~~~~~~~~~
../Core/Src/main.c: In function 'main':
../Core/Src/main.c:131:7: error: 'blockoffset' undeclared (first use in this function); did you mean 'blockOffset'?
  131 |       blockoffset,
      |       ^~~~~~~~~~~
      |       blockOffset
../Core/Src/main.c:131:7: note: each undeclared identifier is reported only once for each function it appears in
../Core/Src/main.c:143:7: error: 'EEPROM_I2C_ADDR' undeclared (first use in this function); did you mean 'EEPROM_BASE_ADDR'?
  143 |       EEPROM_I2C_ADDR,
      |       ^~~~~~~~~~~~~~~
      |       EEPROM_BASE_ADDR
../Core/Src/main.c:144:7: error: 'EEPROM_MEM_ADDR' undeclared (first use in this function); did you mean 'EEPROM_BASE_ADDR'?
  144 |       EEPROM_MEM_ADDR,
      |       ^~~~~~~~~~~~~~~
      |       EEPROM_BASE_ADDR
make: *** [Core/Src/subdir.mk:34: Core/Src/main.o] Error 1
"make -j12 all" terminated with exit code 2. Build might be incomplete.
14:29:20 **** Incremental Build of configuration Debug for project I2C_test2 ****
make -j12 all 
arm-none-eabi-gcc "../Core/Src/main.c" -mcpu=cortex-m7 -std=gnu11 -g3 -DDEBUG -DUSE_HAL_DRIVER -DSTM32F746xx -c -I../Core/Inc -I../Drivers/STM32F7xx_HAL_Driver/Inc -I../Drivers/STM32F7xx_HAL_Driver/Inc/Legacy -I../Drivers/CMSIS/Device/ST/STM32F7xx/Include -I../Drivers/CMSIS/Include -O0 -ffunction-sections -fdata-sections -Wall -fstack-usage -fcyclomatic-complexity -MMD -MP -MF"Core/Src/main.d" -MT"Core/Src/main.o" --specs=nano.specs -mfpu=fpv5-sp-d16 -mfloat-abi=hard -mthumb -o "Core/Src/main.o"
../Core/Src/main.c:82:23: error: initializer element is not constant
   82 | uint16_t i2cAddress = GetEEPROM_I2CAddress(eepromAddress);
      |                       ^~~~~~~~~~~~~~~~~~~~
../Core/Src/main.c:83:23: error: initializer element is not constant
   83 | uint8_t blockOffset = GetEEPROM_BlockOffset(eepromAddress);
      |                       ^~~~~~~~~~~~~~~~~~~~~
../Core/Src/main.c: In function 'main':
../Core/Src/main.c:143:7: error: 'EEPROM_I2C_ADDR' undeclared (first use in this function); did you mean 'EEPROM_BASE_ADDR'?
  143 |       EEPROM_I2C_ADDR,
      |       ^~~~~~~~~~~~~~~
      |       EEPROM_BASE_ADDR
../Core/Src/main.c:143:7: note: each undeclared identifier is reported only once for each function it appears in
../Core/Src/main.c:144:7: error: 'EEPROM_MEM_ADDR' undeclared (first use in this function); did you mean 'EEPROM_BASE_ADDR'?
  144 |       EEPROM_MEM_ADDR,
      |       ^~~~~~~~~~~~~~~
      |       EEPROM_BASE_ADDR
make: *** [Core/Src/subdir.mk:34: Core/Src/main.o] Error 1
"make -j12 all" terminated with exit code 2. Build might be incomplete.
14:29:26 **** Incremental Build of configuration Debug for project I2C_test2 ****
make -j12 all 
arm-none-eabi-gcc "../Core/Src/main.c" -mcpu=cortex-m7 -std=gnu11 -g3 -DDEBUG -DUSE_HAL_DRIVER -DSTM32F746xx -c -I../Core/Inc -I../Drivers/STM32F7xx_HAL_Driver/Inc -I../Drivers/STM32F7xx_HAL_Driver/Inc/Legacy -I../Drivers/CMSIS/Device/ST/STM32F7xx/Include -I../Drivers/CMSIS/Include -O0 -ffunction-sections -fdata-sections -Wall -fstack-usage -fcyclomatic-complexity -MMD -MP -MF"Core/Src/main.d" -MT"Core/Src/main.o" --specs=nano.specs -mfpu=fpv5-sp-d16 -mfloat-abi=hard -mthumb -o "Core/Src/main.o"
../Core/Src/main.c:82:23: error: initializer element is not constant
   82 | uint16_t i2cAddress = GetEEPROM_I2CAddress(eepromAddress);
      |                       ^~~~~~~~~~~~~~~~~~~~
../Core/Src/main.c:83:23: error: initializer element is not constant
   83 | uint8_t blockOffset = GetEEPROM_BlockOffset(eepromAddress);
      |                       ^~~~~~~~~~~~~~~~~~~~~
../Core/Src/main.c: In function 'main':
../Core/Src/main.c:143:7: error: 'EEPROM_I2C_ADDR' undeclared (first use in this function); did you mean 'EEPROM_BASE_ADDR'?
  143 |       EEPROM_I2C_ADDR,
      |       ^~~~~~~~~~~~~~~
      |       EEPROM_BASE_ADDR
../Core/Src/main.c:143:7: note: each undeclared identifier is reported only once for each function it appears in
../Core/Src/main.c:144:7: error: 'EEPROM_MEM_ADDR' undeclared (first use in this function); did you mean 'EEPROM_BASE_ADDR'?
  144 |       EEPROM_MEM_ADDR,
      |       ^~~~~~~~~~~~~~~
      |       EEPROM_BASE_ADDR
make: *** [Core/Src/subdir.mk:34: Core/Src/main.o] Error 1
"make -j12 all" terminated with exit code 2. Build might be incomplete.
14:29:53 **** Incremental Build of configuration Debug for project I2C_test2 ****
make -j12 all 
arm-none-eabi-gcc "../Core/Src/main.c" -mcpu=cortex-m7 -std=gnu11 -g3 -DDEBUG -DUSE_HAL_DRIVER -DSTM32F746xx -c -I../Core/Inc -I../Drivers/STM32F7xx_HAL_Driver/Inc -I../Drivers/STM32F7xx_HAL_Driver/Inc/Legacy -I../Drivers/CMSIS/Device/ST/STM32F7xx/Include -I../Drivers/CMSIS/Include -O0 -ffunction-sections -fdata-sections -Wall -fstack-usage -fcyclomatic-complexity -MMD -MP -MF"Core/Src/main.d" -MT"Core/Src/main.o" --specs=nano.specs -mfpu=fpv5-sp-d16 -mfloat-abi=hard -mthumb -o "Core/Src/main.o"
../Core/Src/main.c:82:23: error: initializer element is not constant
   82 | uint16_t i2cAddress = GetEEPROM_I2CAddress(eepromAddress);
      |                       ^~~~~~~~~~~~~~~~~~~~
../Core/Src/main.c:83:23: error: initializer element is not constant
   83 | uint8_t blockOffset = GetEEPROM_BlockOffset(eepromAddress);
      |                       ^~~~~~~~~~~~~~~~~~~~~
make: *** [Core/Src/subdir.mk:34: Core/Src/main.o] Error 1
"make -j12 all" terminated with exit code 2. Build might be incomplete.
14:31:44 **** Incremental Build of configuration Debug for project I2C_test2 ****
make -j12 all 
arm-none-eabi-gcc "../Core/Src/main.c" -mcpu=cortex-m7 -std=gnu11 -g3 -DDEBUG -DUSE_HAL_DRIVER -DSTM32F746xx -c -I../Core/Inc -I../Drivers/STM32F7xx_HAL_Driver/Inc -I../Drivers/STM32F7xx_HAL_Driver/Inc/Legacy -I../Drivers/CMSIS/Device/ST/STM32F7xx/Include -I../Drivers/CMSIS/Include -O0 -ffunction-sections -fdata-sections -Wall -fstack-usage -fcyclomatic-complexity -MMD -MP -MF"Core/Src/main.d" -MT"Core/Src/main.o" --specs=nano.specs -mfpu=fpv5-sp-d16 -mfloat-abi=hard -mthumb -o "Core/Src/main.o"
arm-none-eabi-gcc -o "I2C_test2.elf" @"objects.list"   -mcpu=cortex-m7 -T"/home/invadl0640/Desktop/STM32 Codes/I2C_test2/STM32F746NGHX_FLASH.ld" --specs=nosys.specs -Wl,-Map="I2C_test2.map" -Wl,--gc-sections -static --specs=nano.specs -mfpu=fpv5-sp-d16 -mfloat-abi=hard -mthumb -Wl,--start-group -lc -lm -Wl,--end-group
Finished building target: I2C_test2.elf
 
arm-none-eabi-size  I2C_test2.elf 
arm-none-eabi-objdump -h -S I2C_test2.elf  > "I2C_test2.list"
   text	   data	    bss	    dec	    hex	filename
  11764	     20	   1660	  13444	   3484	I2C_test2.elf
Finished building: default.size.stdout
 
Finished building: I2C_test2.list
 
14:31:58 **** Incremental Build of configuration Debug for project I2C_test2 ****
make -j12 all 
arm-none-eabi-size  I2C_test2.elf 
   text	   data	    bss	    dec	    hex	filename
  11764	     20	   1660	  13444	   3484	I2C_test2.elf
Finished building: default.size.stdout
 
14:32:21 **** Incremental Build of configuration Debug for project I2C_test2 ****
make -j12 all 
arm-none-eabi-size  I2C_test2.elf 
   text	   data	    bss	    dec	    hex	filename
  11764	     20	   1660	  13444	   3484	I2C_test2.elf
Finished building: default.size.stdout
 
14:32:43 **** Incremental Build of configuration Debug for project I2C_test2 ****
make -j12 all 
arm-none-eabi-size  I2C_test2.elf 
   text	   data	    bss	    dec	    hex	filename
  11764	     20	   1660	  13444	   3484	I2C_test2.elf
Finished building: default.size.stdout
 
14:34:46 **** Incremental Build of configuration Debug for project I2C_test2 ****
make -j12 all 
arm-none-eabi-gcc "../Core/Src/main.c" -mcpu=cortex-m7 -std=gnu11 -g3 -DDEBUG -DUSE_HAL_DRIVER -DSTM32F746xx -c -I../Core/Inc -I../Drivers/STM32F7xx_HAL_Driver/Inc -I../Drivers/STM32F7xx_HAL_Driver/Inc/Legacy -I../Drivers/CMSIS/Device/ST/STM32F7xx/Include -I../Drivers/CMSIS/Include -O0 -ffunction-sections -fdata-sections -Wall -fstack-usage -fcyclomatic-complexity -MMD -MP -MF"Core/Src/main.d" -MT"Core/Src/main.o" --specs=nano.specs -mfpu=fpv5-sp-d16 -mfloat-abi=hard -mthumb -o "Core/Src/main.o"
arm-none-eabi-gcc -o "I2C_test2.elf" @"objects.list"   -mcpu=cortex-m7 -T"/home/invadl0640/Desktop/STM32 Codes/I2C_test2/STM32F746NGHX_FLASH.ld" --specs=nosys.specs -Wl,-Map="I2C_test2.map" -Wl,--gc-sections -static --specs=nano.specs -mfpu=fpv5-sp-d16 -mfloat-abi=hard -mthumb -Wl,--start-group -lc -lm -Wl,--end-group
Finished building target: I2C_test2.elf
 
arm-none-eabi-size  I2C_test2.elf 
arm-none-eabi-objdump -h -S I2C_test2.elf  > "I2C_test2.list"
   text	   data	    bss	    dec	    hex	filename
  11652	     20	   1660	  13332	   3414	I2C_test2.elf
Finished building: default.size.stdout
 
Finished building: I2C_test2.list
 
14:34:53 **** Incremental Build of configuration Debug for project I2C_test2 ****
make -j12 all 
arm-none-eabi-size  I2C_test2.elf 
   text	   data	    bss	    dec	    hex	filename
  11652	     20	   1660	  13332	   3414	I2C_test2.elf
Finished building: default.size.stdout
 
14:35:55 **** Incremental Build of configuration Debug for project I2C_test2 ****
make -j12 all 
arm-none-eabi-size  I2C_test2.elf 
   text	   data	    bss	    dec	    hex	filename
  11652	     20	   1660	  13332	   3414	I2C_test2.elf
Finished building: default.size.stdout
 
14:36:12 **** Incremental Build of configuration Debug for project I2C_test2 ****
make -j12 all 
arm-none-eabi-size  I2C_test2.elf 
   text	   data	    bss	    dec	    hex	filename
  11652	     20	   1660	  13332	   3414	I2C_test2.elf
Finished building: default.size.stdout
 
14:37:40 **** Incremental Build of configuration Debug for project I2C_test2 ****
make -j12 all 
arm-none-eabi-gcc "../Core/Src/main.c" -mcpu=cortex-m7 -std=gnu11 -g3 -DDEBUG -DUSE_HAL_DRIVER -DSTM32F746xx -c -I../Core/Inc -I../Drivers/STM32F7xx_HAL_Driver/Inc -I../Drivers/STM32F7xx_HAL_Driver/Inc/Legacy -I../Drivers/CMSIS/Device/ST/STM32F7xx/Include -I../Drivers/CMSIS/Include -O0 -ffunction-sections -fdata-sections -Wall -fstack-usage -fcyclomatic-complexity -MMD -MP -MF"Core/Src/main.d" -MT"Core/Src/main.o" --specs=nano.specs -mfpu=fpv5-sp-d16 -mfloat-abi=hard -mthumb -o "Core/Src/main.o"
../Core/Src/main.c: In function 'main':
../Core/Src/main.c:130:7: error: 'writeStatus' undeclared (first use in this function)
  130 |   if (writeStatus == HAL_OK && readStatus == HAL_OK)
      |       ^~~~~~~~~~~
../Core/Src/main.c:130:7: note: each undeclared identifier is reported only once for each function it appears in
make: *** [Core/Src/subdir.mk:34: Core/Src/main.o] Error 1
"make -j12 all" terminated with exit code 2. Build might be incomplete.
14:38:13 **** Incremental Build of configuration Debug for project I2C_test2 ****
make -j12 all 
arm-none-eabi-gcc "../Core/Src/main.c" -mcpu=cortex-m7 -std=gnu11 -g3 -DDEBUG -DUSE_HAL_DRIVER -DSTM32F746xx -c -I../Core/Inc -I../Drivers/STM32F7xx_HAL_Driver/Inc -I../Drivers/STM32F7xx_HAL_Driver/Inc/Legacy -I../Drivers/CMSIS/Device/ST/STM32F7xx/Include -I../Drivers/CMSIS/Include -O0 -ffunction-sections -fdata-sections -Wall -fstack-usage -fcyclomatic-complexity -MMD -MP -MF"Core/Src/main.d" -MT"Core/Src/main.o" --specs=nano.specs -mfpu=fpv5-sp-d16 -mfloat-abi=hard -mthumb -o "Core/Src/main.o"
../Core/Src/main.c: In function 'main':
../Core/Src/main.c:119:21: warning: unused variable 'readStatus' [-Wunused-variable]
  119 |   HAL_StatusTypeDef readStatus = HAL_I2C_Mem_Read(
      |                     ^~~~~~~~~~
arm-none-eabi-gcc -o "I2C_test2.elf" @"objects.list"   -mcpu=cortex-m7 -T"/home/invadl0640/Desktop/STM32 Codes/I2C_test2/STM32F746NGHX_FLASH.ld" --specs=nosys.specs -Wl,-Map="I2C_test2.map" -Wl,--gc-sections -static --specs=nano.specs -mfpu=fpv5-sp-d16 -mfloat-abi=hard -mthumb -Wl,--start-group -lc -lm -Wl,--end-group
Finished building target: I2C_test2.elf
 
arm-none-eabi-size  I2C_test2.elf 
arm-none-eabi-objdump -h -S I2C_test2.elf  > "I2C_test2.list"
   text	   data	    bss	    dec	    hex	filename
  10892	     20	   1660	  12572	   311c	I2C_test2.elf
Finished building: default.size.stdout
 
Finished building: I2C_test2.list
 
14:38:32 **** Incremental Build of configuration Debug for project I2C_test2 ****
make -j12 all 
arm-none-eabi-size  I2C_test2.elf 
   text	   data	    bss	    dec	    hex	filename
  10892	     20	   1660	  12572	   311c	I2C_test2.elf
Finished building: default.size.stdout
 
14:38:36 **** Incremental Build of configuration Debug for project I2C_test2 ****
make -j12 all 
arm-none-eabi-size  I2C_test2.elf 
   text	   data	    bss	    dec	    hex	filename
  10892	     20	   1660	  12572	   311c	I2C_test2.elf
Finished building: default.size.stdout
 
14:39:59 **** Incremental Build of configuration Debug for project I2C_test2 ****
make -j12 all 
arm-none-eabi-size  I2C_test2.elf 
   text	   data	    bss	    dec	    hex	filename
  10892	     20	   1660	  12572	   311c	I2C_test2.elf
Finished building: default.size.stdout
 
14:50:31 **** Incremental Build of configuration Debug for project I2C_test2 ****
make -j12 all 
arm-none-eabi-gcc "../Core/Src/main.c" -mcpu=cortex-m7 -std=gnu11 -g3 -DDEBUG -DUSE_HAL_DRIVER -DSTM32F746xx -c -I../Core/Inc -I../Drivers/STM32F7xx_HAL_Driver/Inc -I../Drivers/STM32F7xx_HAL_Driver/Inc/Legacy -I../Drivers/CMSIS/Device/ST/STM32F7xx/Include -I../Drivers/CMSIS/Include -O0 -ffunction-sections -fdata-sections -Wall -fstack-usage -fcyclomatic-complexity -MMD -MP -MF"Core/Src/main.d" -MT"Core/Src/main.o" --specs=nano.specs -mfpu=fpv5-sp-d16 -mfloat-abi=hard -mthumb -o "Core/Src/main.o"
arm-none-eabi-gcc -o "I2C_test2.elf" @"objects.list"   -mcpu=cortex-m7 -T"/home/invadl0640/Desktop/STM32 Codes/I2C_test2/STM32F746NGHX_FLASH.ld" --specs=nosys.specs -Wl,-Map="I2C_test2.map" -Wl,--gc-sections -static --specs=nano.specs -mfpu=fpv5-sp-d16 -mfloat-abi=hard -mthumb -Wl,--start-group -lc -lm -Wl,--end-group
Finished building target: I2C_test2.elf
 
arm-none-eabi-size  I2C_test2.elf 
arm-none-eabi-objdump -h -S I2C_test2.elf  > "I2C_test2.list"
   text	   data	    bss	    dec	    hex	filename
  11652	     20	   1660	  13332	   3414	I2C_test2.elf
Finished building: default.size.stdout
 
Finished building: I2C_test2.list
 
14:50:36 **** Incremental Build of configuration Debug for project I2C_test2 ****
make -j12 all 
arm-none-eabi-size  I2C_test2.elf 
   text	   data	    bss	    dec	    hex	filename
  11652	     20	   1660	  13332	   3414	I2C_test2.elf
Finished building: default.size.stdout
 
14:51:39 **** Incremental Build of configuration Debug for project I2C_test2 ****
make -j12 all 
arm-none-eabi-size  I2C_test2.elf 
   text	   data	    bss	    dec	    hex	filename
  11652	     20	   1660	  13332	   3414	I2C_test2.elf
Finished building: default.size.stdout
 
14:52:03 **** Incremental Build of configuration Debug for project I2C_test2 ****
make -j12 all 
arm-none-eabi-size  I2C_test2.elf 
   text	   data	    bss	    dec	    hex	filename
  11652	     20	   1660	  13332	   3414	I2C_test2.elf
Finished building: default.size.stdout
 
14:52:48 **** Incremental Build of configuration Debug for project I2C_test2 ****
make -j12 all 
arm-none-eabi-size  I2C_test2.elf 
   text	   data	    bss	    dec	    hex	filename
  11652	     20	   1660	  13332	   3414	I2C_test2.elf
Finished building: default.size.stdout
 
14:53:16 **** Incremental Build of configuration Debug for project I2C_test2 ****
make -j12 all 
arm-none-eabi-size  I2C_test2.elf 
   text	   data	    bss	    dec	    hex	filename
  11652	     20	   1660	  13332	   3414	I2C_test2.elf
Finished building: default.size.stdout
 
14:55:50 **** Building Selected Files of configuration Debug for project I2C_test2 ****
Info: Internal Builder is used for build
arm-none-eabi-gcc ../Core/Src/main.c -mcpu=cortex-m7 -std=gnu11 -g3 -DDEBUG -DUSE_HAL_DRIVER -DSTM32F746xx -c -I../Core/Inc -I../Drivers/STM32F7xx_HAL_Driver/Inc -I../Drivers/STM32F7xx_HAL_Driver/Inc/Legacy -I../Drivers/CMSIS/Device/ST/STM32F7xx/Include -I../Drivers/CMSIS/Include -O0 -ffunction-sections -fdata-sections -Wall -fstack-usage -fcyclomatic-complexity --specs=nano.specs -mfpu=fpv5-sp-d16 -mfloat-abi=hard -mthumb -o Core/Src/main.o 
15:02:29 **** Incremental Build of configuration Debug for project I2C_test2 ****
make -j12 all 
arm-none-eabi-gcc "../Core/Src/main.c" -mcpu=cortex-m7 -std=gnu11 -g3 -DDEBUG -DUSE_HAL_DRIVER -DSTM32F746xx -c -I../Core/Inc -I../Drivers/STM32F7xx_HAL_Driver/Inc -I../Drivers/STM32F7xx_HAL_Driver/Inc/Legacy -I../Drivers/CMSIS/Device/ST/STM32F7xx/Include -I../Drivers/CMSIS/Include -O0 -ffunction-sections -fdata-sections -Wall -fstack-usage -fcyclomatic-complexity -MMD -MP -MF"Core/Src/main.d" -MT"Core/Src/main.o" --specs=nano.specs -mfpu=fpv5-sp-d16 -mfloat-abi=hard -mthumb -o "Core/Src/main.o"
arm-none-eabi-gcc -o "I2C_test2.elf" @"objects.list"   -mcpu=cortex-m7 -T"/home/invadl0640/Desktop/STM32 Codes/I2C_test2/STM32F746NGHX_FLASH.ld" --specs=nosys.specs -Wl,-Map="I2C_test2.map" -Wl,--gc-sections -static --specs=nano.specs -mfpu=fpv5-sp-d16 -mfloat-abi=hard -mthumb -Wl,--start-group -lc -lm -Wl,--end-group
Finished building target: I2C_test2.elf
 
arm-none-eabi-size  I2C_test2.elf 
arm-none-eabi-objdump -h -S I2C_test2.elf  > "I2C_test2.list"
   text	   data	    bss	    dec	    hex	filename
  11652	     20	   1660	  13332	   3414	I2C_test2.elf
Finished building: default.size.stdout
 
Finished building: I2C_test2.list
 
15:31:47 **** Build of configuration Debug for project i2c_applicationram ****
make -j12 all 
arm-none-eabi-gcc "../Drivers/STM32F7xx_HAL_Driver/Src/stm32f7xx_hal.c" -mcpu=cortex-m7 -std=gnu11 -g3 -DDEBUG -DUSE_HAL_DRIVER -DSTM32F746xx -c -I../Core/Inc -I../Drivers/STM32F7xx_HAL_Driver/Inc -I../Drivers/STM32F7xx_HAL_Driver/Inc/Legacy -I../Drivers/CMSIS/Device/ST/STM32F7xx/Include -I../Drivers/CMSIS/Include -O0 -ffunction-sections -fdata-sections -Wall -fstack-usage -fcyclomatic-complexity -MMD -MP -MF"Drivers/STM32F7xx_HAL_Driver/Src/stm32f7xx_hal.d" -MT"Drivers/STM32F7xx_HAL_Driver/Src/stm32f7xx_hal.o" --specs=nano.specs -mfpu=fpv5-sp-d16 -mfloat-abi=hard -mthumb -o "Drivers/STM32F7xx_HAL_Driver/Src/stm32f7xx_hal.o"
arm-none-eabi-gcc "../Drivers/STM32F7xx_HAL_Driver/Src/stm32f7xx_hal_cortex.c" -mcpu=cortex-m7 -std=gnu11 -g3 -DDEBUG -DUSE_HAL_DRIVER -DSTM32F746xx -c -I../Core/Inc -I../Drivers/STM32F7xx_HAL_Driver/Inc -I../Drivers/STM32F7xx_HAL_Driver/Inc/Legacy -I../Drivers/CMSIS/Device/ST/STM32F7xx/Include -I../Drivers/CMSIS/Include -O0 -ffunction-sections -fdata-sections -Wall -fstack-usage -fcyclomatic-complexity -MMD -MP -MF"Drivers/STM32F7xx_HAL_Driver/Src/stm32f7xx_hal_cortex.d" -MT"Drivers/STM32F7xx_HAL_Driver/Src/stm32f7xx_hal_cortex.o" --specs=nano.specs -mfpu=fpv5-sp-d16 -mfloat-abi=hard -mthumb -o "Drivers/STM32F7xx_HAL_Driver/Src/stm32f7xx_hal_cortex.o"
arm-none-eabi-gcc "../Drivers/STM32F7xx_HAL_Driver/Src/stm32f7xx_hal_dma.c" -mcpu=cortex-m7 -std=gnu11 -g3 -DDEBUG -DUSE_HAL_DRIVER -DSTM32F746xx -c -I../Core/Inc -I../Drivers/STM32F7xx_HAL_Driver/Inc -I../Drivers/STM32F7xx_HAL_Driver/Inc/Legacy -I../Drivers/CMSIS/Device/ST/STM32F7xx/Include -I../Drivers/CMSIS/Include -O0 -ffunction-sections -fdata-sections -Wall -fstack-usage -fcyclomatic-complexity -MMD -MP -MF"Drivers/STM32F7xx_HAL_Driver/Src/stm32f7xx_hal_dma.d" -MT"Drivers/STM32F7xx_HAL_Driver/Src/stm32f7xx_hal_dma.o" --specs=nano.specs -mfpu=fpv5-sp-d16 -mfloat-abi=hard -mthumb -o "Drivers/STM32F7xx_HAL_Driver/Src/stm32f7xx_hal_dma.o"
arm-none-eabi-gcc "../Drivers/STM32F7xx_HAL_Driver/Src/stm32f7xx_hal_dma_ex.c" -mcpu=cortex-m7 -std=gnu11 -g3 -DDEBUG -DUSE_HAL_DRIVER -DSTM32F746xx -c -I../Core/Inc -I../Drivers/STM32F7xx_HAL_Driver/Inc -I../Drivers/STM32F7xx_HAL_Driver/Inc/Legacy -I../Drivers/CMSIS/Device/ST/STM32F7xx/Include -I../Drivers/CMSIS/Include -O0 -ffunction-sections -fdata-sections -Wall -fstack-usage -fcyclomatic-complexity -MMD -MP -MF"Drivers/STM32F7xx_HAL_Driver/Src/stm32f7xx_hal_dma_ex.d" -MT"Drivers/STM32F7xx_HAL_Driver/Src/stm32f7xx_hal_dma_ex.o" --specs=nano.specs -mfpu=fpv5-sp-d16 -mfloat-abi=hard -mthumb -o "Drivers/STM32F7xx_HAL_Driver/Src/stm32f7xx_hal_dma_ex.o"
arm-none-eabi-gcc "../Drivers/STM32F7xx_HAL_Driver/Src/stm32f7xx_hal_exti.c" -mcpu=cortex-m7 -std=gnu11 -g3 -DDEBUG -DUSE_HAL_DRIVER -DSTM32F746xx -c -I../Core/Inc -I../Drivers/STM32F7xx_HAL_Driver/Inc -I../Drivers/STM32F7xx_HAL_Driver/Inc/Legacy -I../Drivers/CMSIS/Device/ST/STM32F7xx/Include -I../Drivers/CMSIS/Include -O0 -ffunction-sections -fdata-sections -Wall -fstack-usage -fcyclomatic-complexity -MMD -MP -MF"Drivers/STM32F7xx_HAL_Driver/Src/stm32f7xx_hal_exti.d" -MT"Drivers/STM32F7xx_HAL_Driver/Src/stm32f7xx_hal_exti.o" --specs=nano.specs -mfpu=fpv5-sp-d16 -mfloat-abi=hard -mthumb -o "Drivers/STM32F7xx_HAL_Driver/Src/stm32f7xx_hal_exti.o"
arm-none-eabi-gcc "../Drivers/STM32F7xx_HAL_Driver/Src/stm32f7xx_hal_flash.c" -mcpu=cortex-m7 -std=gnu11 -g3 -DDEBUG -DUSE_HAL_DRIVER -DSTM32F746xx -c -I../Core/Inc -I../Drivers/STM32F7xx_HAL_Driver/Inc -I../Drivers/STM32F7xx_HAL_Driver/Inc/Legacy -I../Drivers/CMSIS/Device/ST/STM32F7xx/Include -I../Drivers/CMSIS/Include -O0 -ffunction-sections -fdata-sections -Wall -fstack-usage -fcyclomatic-complexity -MMD -MP -MF"Drivers/STM32F7xx_HAL_Driver/Src/stm32f7xx_hal_flash.d" -MT"Drivers/STM32F7xx_HAL_Driver/Src/stm32f7xx_hal_flash.o" --specs=nano.specs -mfpu=fpv5-sp-d16 -mfloat-abi=hard -mthumb -o "Drivers/STM32F7xx_HAL_Driver/Src/stm32f7xx_hal_flash.o"
arm-none-eabi-gcc "../Drivers/STM32F7xx_HAL_Driver/Src/stm32f7xx_hal_flash_ex.c" -mcpu=cortex-m7 -std=gnu11 -g3 -DDEBUG -DUSE_HAL_DRIVER -DSTM32F746xx -c -I../Core/Inc -I../Drivers/STM32F7xx_HAL_Driver/Inc -I../Drivers/STM32F7xx_HAL_Driver/Inc/Legacy -I../Drivers/CMSIS/Device/ST/STM32F7xx/Include -I../Drivers/CMSIS/Include -O0 -ffunction-sections -fdata-sections -Wall -fstack-usage -fcyclomatic-complexity -MMD -MP -MF"Drivers/STM32F7xx_HAL_Driver/Src/stm32f7xx_hal_flash_ex.d" -MT"Drivers/STM32F7xx_HAL_Driver/Src/stm32f7xx_hal_flash_ex.o" --specs=nano.specs -mfpu=fpv5-sp-d16 -mfloat-abi=hard -mthumb -o "Drivers/STM32F7xx_HAL_Driver/Src/stm32f7xx_hal_flash_ex.o"
arm-none-eabi-gcc "../Drivers/STM32F7xx_HAL_Driver/Src/stm32f7xx_hal_gpio.c" -mcpu=cortex-m7 -std=gnu11 -g3 -DDEBUG -DUSE_HAL_DRIVER -DSTM32F746xx -c -I../Core/Inc -I../Drivers/STM32F7xx_HAL_Driver/Inc -I../Drivers/STM32F7xx_HAL_Driver/Inc/Legacy -I../Drivers/CMSIS/Device/ST/STM32F7xx/Include -I../Drivers/CMSIS/Include -O0 -ffunction-sections -fdata-sections -Wall -fstack-usage -fcyclomatic-complexity -MMD -MP -MF"Drivers/STM32F7xx_HAL_Driver/Src/stm32f7xx_hal_gpio.d" -MT"Drivers/STM32F7xx_HAL_Driver/Src/stm32f7xx_hal_gpio.o" --specs=nano.specs -mfpu=fpv5-sp-d16 -mfloat-abi=hard -mthumb -o "Drivers/STM32F7xx_HAL_Driver/Src/stm32f7xx_hal_gpio.o"
arm-none-eabi-gcc "../Drivers/STM32F7xx_HAL_Driver/Src/stm32f7xx_hal_i2c.c" -mcpu=cortex-m7 -std=gnu11 -g3 -DDEBUG -DUSE_HAL_DRIVER -DSTM32F746xx -c -I../Core/Inc -I../Drivers/STM32F7xx_HAL_Driver/Inc -I../Drivers/STM32F7xx_HAL_Driver/Inc/Legacy -I../Drivers/CMSIS/Device/ST/STM32F7xx/Include -I../Drivers/CMSIS/Include -O0 -ffunction-sections -fdata-sections -Wall -fstack-usage -fcyclomatic-complexity -MMD -MP -MF"Drivers/STM32F7xx_HAL_Driver/Src/stm32f7xx_hal_i2c.d" -MT"Drivers/STM32F7xx_HAL_Driver/Src/stm32f7xx_hal_i2c.o" --specs=nano.specs -mfpu=fpv5-sp-d16 -mfloat-abi=hard -mthumb -o "Drivers/STM32F7xx_HAL_Driver/Src/stm32f7xx_hal_i2c.o"
arm-none-eabi-gcc "../Drivers/STM32F7xx_HAL_Driver/Src/stm32f7xx_hal_i2c_ex.c" -mcpu=cortex-m7 -std=gnu11 -g3 -DDEBUG -DUSE_HAL_DRIVER -DSTM32F746xx -c -I../Core/Inc -I../Drivers/STM32F7xx_HAL_Driver/Inc -I../Drivers/STM32F7xx_HAL_Driver/Inc/Legacy -I../Drivers/CMSIS/Device/ST/STM32F7xx/Include -I../Drivers/CMSIS/Include -O0 -ffunction-sections -fdata-sections -Wall -fstack-usage -fcyclomatic-complexity -MMD -MP -MF"Drivers/STM32F7xx_HAL_Driver/Src/stm32f7xx_hal_i2c_ex.d" -MT"Drivers/STM32F7xx_HAL_Driver/Src/stm32f7xx_hal_i2c_ex.o" --specs=nano.specs -mfpu=fpv5-sp-d16 -mfloat-abi=hard -mthumb -o "Drivers/STM32F7xx_HAL_Driver/Src/stm32f7xx_hal_i2c_ex.o"
arm-none-eabi-gcc "../Drivers/STM32F7xx_HAL_Driver/Src/stm32f7xx_hal_pwr.c" -mcpu=cortex-m7 -std=gnu11 -g3 -DDEBUG -DUSE_HAL_DRIVER -DSTM32F746xx -c -I../Core/Inc -I../Drivers/STM32F7xx_HAL_Driver/Inc -I../Drivers/STM32F7xx_HAL_Driver/Inc/Legacy -I../Drivers/CMSIS/Device/ST/STM32F7xx/Include -I../Drivers/CMSIS/Include -O0 -ffunction-sections -fdata-sections -Wall -fstack-usage -fcyclomatic-complexity -MMD -MP -MF"Drivers/STM32F7xx_HAL_Driver/Src/stm32f7xx_hal_pwr.d" -MT"Drivers/STM32F7xx_HAL_Driver/Src/stm32f7xx_hal_pwr.o" --specs=nano.specs -mfpu=fpv5-sp-d16 -mfloat-abi=hard -mthumb -o "Drivers/STM32F7xx_HAL_Driver/Src/stm32f7xx_hal_pwr.o"
arm-none-eabi-gcc "../Drivers/STM32F7xx_HAL_Driver/Src/stm32f7xx_hal_pwr_ex.c" -mcpu=cortex-m7 -std=gnu11 -g3 -DDEBUG -DUSE_HAL_DRIVER -DSTM32F746xx -c -I../Core/Inc -I../Drivers/STM32F7xx_HAL_Driver/Inc -I../Drivers/STM32F7xx_HAL_Driver/Inc/Legacy -I../Drivers/CMSIS/Device/ST/STM32F7xx/Include -I../Drivers/CMSIS/Include -O0 -ffunction-sections -fdata-sections -Wall -fstack-usage -fcyclomatic-complexity -MMD -MP -MF"Drivers/STM32F7xx_HAL_Driver/Src/stm32f7xx_hal_pwr_ex.d" -MT"Drivers/STM32F7xx_HAL_Driver/Src/stm32f7xx_hal_pwr_ex.o" --specs=nano.specs -mfpu=fpv5-sp-d16 -mfloat-abi=hard -mthumb -o "Drivers/STM32F7xx_HAL_Driver/Src/stm32f7xx_hal_pwr_ex.o"
arm-none-eabi-gcc "../Drivers/STM32F7xx_HAL_Driver/Src/stm32f7xx_hal_rcc.c" -mcpu=cortex-m7 -std=gnu11 -g3 -DDEBUG -DUSE_HAL_DRIVER -DSTM32F746xx -c -I../Core/Inc -I../Drivers/STM32F7xx_HAL_Driver/Inc -I../Drivers/STM32F7xx_HAL_Driver/Inc/Legacy -I../Drivers/CMSIS/Device/ST/STM32F7xx/Include -I../Drivers/CMSIS/Include -O0 -ffunction-sections -fdata-sections -Wall -fstack-usage -fcyclomatic-complexity -MMD -MP -MF"Drivers/STM32F7xx_HAL_Driver/Src/stm32f7xx_hal_rcc.d" -MT"Drivers/STM32F7xx_HAL_Driver/Src/stm32f7xx_hal_rcc.o" --specs=nano.specs -mfpu=fpv5-sp-d16 -mfloat-abi=hard -mthumb -o "Drivers/STM32F7xx_HAL_Driver/Src/stm32f7xx_hal_rcc.o"
arm-none-eabi-gcc "../Drivers/STM32F7xx_HAL_Driver/Src/stm32f7xx_hal_rcc_ex.c" -mcpu=cortex-m7 -std=gnu11 -g3 -DDEBUG -DUSE_HAL_DRIVER -DSTM32F746xx -c -I../Core/Inc -I../Drivers/STM32F7xx_HAL_Driver/Inc -I../Drivers/STM32F7xx_HAL_Driver/Inc/Legacy -I../Drivers/CMSIS/Device/ST/STM32F7xx/Include -I../Drivers/CMSIS/Include -O0 -ffunction-sections -fdata-sections -Wall -fstack-usage -fcyclomatic-complexity -MMD -MP -MF"Drivers/STM32F7xx_HAL_Driver/Src/stm32f7xx_hal_rcc_ex.d" -MT"Drivers/STM32F7xx_HAL_Driver/Src/stm32f7xx_hal_rcc_ex.o" --specs=nano.specs -mfpu=fpv5-sp-d16 -mfloat-abi=hard -mthumb -o "Drivers/STM32F7xx_HAL_Driver/Src/stm32f7xx_hal_rcc_ex.o"
arm-none-eabi-gcc -mcpu=cortex-m7 -g3 -DDEBUG -c -I../Core/Inc -I../FATFS/Target -I../FATFS/App -I../USB_HOST/App -I../USB_HOST/Target -I../Drivers/STM32F7xx_HAL_Driver/Inc -I../Drivers/STM32F7xx_HAL_Driver/Inc/Legacy -I../Middlewares/Third_Party/FreeRTOS/Source/include -I../Middlewares/Third_Party/FreeRTOS/Source/CMSIS_RTOS -I../Middlewares/Third_Party/FreeRTOS/Source/portable/GCC/ARM_CM7/r0p1 -I../Middlewares/Third_Party/FatFs/src -I../Middlewares/ST/STM32_USB_Host_Library/Core/Inc -I../Middlewares/ST/STM32_USB_Host_Library/Class/CDC/Inc -I../Drivers/CMSIS/Device/ST/STM32F7xx/Include -I../Drivers/CMSIS/Include -x assembler-with-cpp -MMD -MP -MF"Core/Startup/startup_stm32f746nghx.d" -MT"Core/Startup/startup_stm32f746nghx.o" --specs=nano.specs -mfpu=fpv5-sp-d16 -mfloat-abi=hard -mthumb -o "Core/Startup/startup_stm32f746nghx.o" "../Core/Startup/startup_stm32f746nghx.s"
arm-none-eabi-gcc "../Core/Src/main.c" -mcpu=cortex-m7 -std=gnu11 -g3 -DDEBUG -DUSE_HAL_DRIVER -DSTM32F746xx -c -I../Core/Inc -I../Drivers/STM32F7xx_HAL_Driver/Inc -I../Drivers/STM32F7xx_HAL_Driver/Inc/Legacy -I../Drivers/CMSIS/Device/ST/STM32F7xx/Include -I../Drivers/CMSIS/Include -O0 -ffunction-sections -fdata-sections -Wall -fstack-usage -fcyclomatic-complexity -MMD -MP -MF"Core/Src/main.d" -MT"Core/Src/main.o" --specs=nano.specs -mfpu=fpv5-sp-d16 -mfloat-abi=hard -mthumb -o "Core/Src/main.o"
arm-none-eabi-gcc "../Core/Src/stm32f7xx_hal_msp.c" -mcpu=cortex-m7 -std=gnu11 -g3 -DDEBUG -DUSE_HAL_DRIVER -DSTM32F746xx -c -I../Core/Inc -I../Drivers/STM32F7xx_HAL_Driver/Inc -I../Drivers/STM32F7xx_HAL_Driver/Inc/Legacy -I../Drivers/CMSIS/Device/ST/STM32F7xx/Include -I../Drivers/CMSIS/Include -O0 -ffunction-sections -fdata-sections -Wall -fstack-usage -fcyclomatic-complexity -MMD -MP -MF"Core/Src/stm32f7xx_hal_msp.d" -MT"Core/Src/stm32f7xx_hal_msp.o" --specs=nano.specs -mfpu=fpv5-sp-d16 -mfloat-abi=hard -mthumb -o "Core/Src/stm32f7xx_hal_msp.o"
arm-none-eabi-gcc "../Core/Src/stm32f7xx_it.c" -mcpu=cortex-m7 -std=gnu11 -g3 -DDEBUG -DUSE_HAL_DRIVER -DSTM32F746xx -c -I../Core/Inc -I../Drivers/STM32F7xx_HAL_Driver/Inc -I../Drivers/STM32F7xx_HAL_Driver/Inc/Legacy -I../Drivers/CMSIS/Device/ST/STM32F7xx/Include -I../Drivers/CMSIS/Include -O0 -ffunction-sections -fdata-sections -Wall -fstack-usage -fcyclomatic-complexity -MMD -MP -MF"Core/Src/stm32f7xx_it.d" -MT"Core/Src/stm32f7xx_it.o" --specs=nano.specs -mfpu=fpv5-sp-d16 -mfloat-abi=hard -mthumb -o "Core/Src/stm32f7xx_it.o"
arm-none-eabi-gcc "../Core/Src/syscalls.c" -mcpu=cortex-m7 -std=gnu11 -g3 -DDEBUG -DUSE_HAL_DRIVER -DSTM32F746xx -c -I../Core/Inc -I../Drivers/STM32F7xx_HAL_Driver/Inc -I../Drivers/STM32F7xx_HAL_Driver/Inc/Legacy -I../Drivers/CMSIS/Device/ST/STM32F7xx/Include -I../Drivers/CMSIS/Include -O0 -ffunction-sections -fdata-sections -Wall -fstack-usage -fcyclomatic-complexity -MMD -MP -MF"Core/Src/syscalls.d" -MT"Core/Src/syscalls.o" --specs=nano.specs -mfpu=fpv5-sp-d16 -mfloat-abi=hard -mthumb -o "Core/Src/syscalls.o"
arm-none-eabi-gcc "../Core/Src/sysmem.c" -mcpu=cortex-m7 -std=gnu11 -g3 -DDEBUG -DUSE_HAL_DRIVER -DSTM32F746xx -c -I../Core/Inc -I../Drivers/STM32F7xx_HAL_Driver/Inc -I../Drivers/STM32F7xx_HAL_Driver/Inc/Legacy -I../Drivers/CMSIS/Device/ST/STM32F7xx/Include -I../Drivers/CMSIS/Include -O0 -ffunction-sections -fdata-sections -Wall -fstack-usage -fcyclomatic-complexity -MMD -MP -MF"Core/Src/sysmem.d" -MT"Core/Src/sysmem.o" --specs=nano.specs -mfpu=fpv5-sp-d16 -mfloat-abi=hard -mthumb -o "Core/Src/sysmem.o"
arm-none-eabi-gcc "../Core/Src/system_stm32f7xx.c" -mcpu=cortex-m7 -std=gnu11 -g3 -DDEBUG -DUSE_HAL_DRIVER -DSTM32F746xx -c -I../Core/Inc -I../Drivers/STM32F7xx_HAL_Driver/Inc -I../Drivers/STM32F7xx_HAL_Driver/Inc/Legacy -I../Drivers/CMSIS/Device/ST/STM32F7xx/Include -I../Drivers/CMSIS/Include -O0 -ffunction-sections -fdata-sections -Wall -fstack-usage -fcyclomatic-complexity -MMD -MP -MF"Core/Src/system_stm32f7xx.d" -MT"Core/Src/system_stm32f7xx.o" --specs=nano.specs -mfpu=fpv5-sp-d16 -mfloat-abi=hard -mthumb -o "Core/Src/system_stm32f7xx.o"
arm-none-eabi-gcc -o "i2c_applicationram.elf" @"objects.list"   -mcpu=cortex-m7 -T"/home/invadl0640/Desktop/STM32 Codes/i2c_applicationram/STM32F746NGHX_FLASH.ld" --specs=nosys.specs -Wl,-Map="i2c_applicationram.map" -Wl,--gc-sections -static --specs=nano.specs -mfpu=fpv5-sp-d16 -mfloat-abi=hard -mthumb -Wl,--start-group -lc -lm -Wl,--end-group
Finished building target: i2c_applicationram.elf
 
arm-none-eabi-size  i2c_applicationram.elf 
arm-none-eabi-objdump -h -S i2c_applicationram.elf  > "i2c_applicationram.list"
   text	   data	    bss	    dec	    hex	filename
  11800	     20	   1660	  13480	   34a8	i2c_applicationram.elf
Finished building: default.size.stdout
 
Finished building: i2c_applicationram.list
 
15:31:57 **** Incremental Build of configuration Debug for project I2C_test2 ****
make -j12 all 
arm-none-eabi-size  I2C_test2.elf 
   text	   data	    bss	    dec	    hex	filename
  11652	     20	   1660	  13332	   3414	I2C_test2.elf
Finished building: default.size.stdout
 
15:32:15 **** Incremental Build of configuration Debug for project I2C_test2 ****
make -j12 all 
arm-none-eabi-size  I2C_test2.elf 
   text	   data	    bss	    dec	    hex	filename
  11652	     20	   1660	  13332	   3414	I2C_test2.elf
Finished building: default.size.stdout
 
15:32:37 **** Incremental Build of configuration Debug for project I2C_test2 ****
make -j12 all 
arm-none-eabi-size  I2C_test2.elf 
   text	   data	    bss	    dec	    hex	filename
  11652	     20	   1660	  13332	   3414	I2C_test2.elf
Finished building: default.size.stdout
 
15:33:09 **** Incremental Build of configuration Debug for project i2c_applicationram ****
make -j12 all 
arm-none-eabi-size  i2c_applicationram.elf 
   text	   data	    bss	    dec	    hex	filename
  11800	     20	   1660	  13480	   34a8	i2c_applicationram.elf
Finished building: default.size.stdout
 
15:33:29 **** Incremental Build of configuration Debug for project I2C_test2 ****
make -j12 all 
arm-none-eabi-size  I2C_test2.elf 
   text	   data	    bss	    dec	    hex	filename
  11652	     20	   1660	  13332	   3414	I2C_test2.elf
Finished building: default.size.stdout
 
15:33:50 **** Incremental Build of configuration Debug for project I2C_test2 ****
make -j12 all 
arm-none-eabi-size  I2C_test2.elf 
   text	   data	    bss	    dec	    hex	filename
  11652	     20	   1660	  13332	   3414	I2C_test2.elf
Finished building: default.size.stdout
 
15:34:19 **** Incremental Build of configuration Debug for project I2C_test2 ****
make -j12 all 
arm-none-eabi-size  I2C_test2.elf 
   text	   data	    bss	    dec	    hex	filename
  11652	     20	   1660	  13332	   3414	I2C_test2.elf
Finished building: default.size.stdout
 
15:34:54 **** Incremental Build of configuration Debug for project i2c_applicationram ****
make -j12 all 
arm-none-eabi-gcc "../Core/Src/main.c" -mcpu=cortex-m7 -std=gnu11 -g3 -DDEBUG -DUSE_HAL_DRIVER -DSTM32F746xx -c -I../Core/Inc -I../Drivers/STM32F7xx_HAL_Driver/Inc -I../Drivers/STM32F7xx_HAL_Driver/Inc/Legacy -I../Drivers/CMSIS/Device/ST/STM32F7xx/Include -I../Drivers/CMSIS/Include -O0 -ffunction-sections -fdata-sections -Wall -fstack-usage -fcyclomatic-complexity -MMD -MP -MF"Core/Src/main.d" -MT"Core/Src/main.o" --specs=nano.specs -mfpu=fpv5-sp-d16 -mfloat-abi=hard -mthumb -o "Core/Src/main.o"
arm-none-eabi-gcc -o "i2c_applicationram.elf" @"objects.list"   -mcpu=cortex-m7 -T"/home/invadl0640/Desktop/STM32 Codes/i2c_applicationram/STM32F746NGHX_FLASH.ld" --specs=nosys.specs -Wl,-Map="i2c_applicationram.map" -Wl,--gc-sections -static --specs=nano.specs -mfpu=fpv5-sp-d16 -mfloat-abi=hard -mthumb -Wl,--start-group -lc -lm -Wl,--end-group
Finished building target: i2c_applicationram.elf
 
arm-none-eabi-size  i2c_applicationram.elf 
arm-none-eabi-objdump -h -S i2c_applicationram.elf  > "i2c_applicationram.list"
   text	   data	    bss	    dec	    hex	filename
  11800	     20	   1660	  13480	   34a8	i2c_applicationram.elf
Finished building: default.size.stdout
 
Finished building: i2c_applicationram.list
 
15:35:03 **** Incremental Build of configuration Debug for project I2C_test2 ****
make -j12 all 
arm-none-eabi-size  I2C_test2.elf 
   text	   data	    bss	    dec	    hex	filename
  11652	     20	   1660	  13332	   3414	I2C_test2.elf
Finished building: default.size.stdout
 
15:35:24 **** Incremental Build of configuration Debug for project I2C_test2 ****
make -j12 all 
arm-none-eabi-size  I2C_test2.elf 
   text	   data	    bss	    dec	    hex	filename
  11652	     20	   1660	  13332	   3414	I2C_test2.elf
Finished building: default.size.stdout
 
15:35:33 **** Incremental Build of configuration Debug for project i2c_applicationram ****
make -j12 all 
arm-none-eabi-gcc "../Core/Src/main.c" -mcpu=cortex-m7 -std=gnu11 -g3 -DDEBUG -DUSE_HAL_DRIVER -DSTM32F746xx -c -I../Core/Inc -I../Drivers/STM32F7xx_HAL_Driver/Inc -I../Drivers/STM32F7xx_HAL_Driver/Inc/Legacy -I../Drivers/CMSIS/Device/ST/STM32F7xx/Include -I../Drivers/CMSIS/Include -O0 -ffunction-sections -fdata-sections -Wall -fstack-usage -fcyclomatic-complexity -MMD -MP -MF"Core/Src/main.d" -MT"Core/Src/main.o" --specs=nano.specs -mfpu=fpv5-sp-d16 -mfloat-abi=hard -mthumb -o "Core/Src/main.o"
arm-none-eabi-gcc -o "i2c_applicationram.elf" @"objects.list"   -mcpu=cortex-m7 -T"/home/invadl0640/Desktop/STM32 Codes/i2c_applicationram/STM32F746NGHX_FLASH.ld" --specs=nosys.specs -Wl,-Map="i2c_applicationram.map" -Wl,--gc-sections -static --specs=nano.specs -mfpu=fpv5-sp-d16 -mfloat-abi=hard -mthumb -Wl,--start-group -lc -lm -Wl,--end-group
Finished building target: i2c_applicationram.elf
 
arm-none-eabi-size  i2c_applicationram.elf 
arm-none-eabi-objdump -h -S i2c_applicationram.elf  > "i2c_applicationram.list"
   text	   data	    bss	    dec	    hex	filename
  11800	     20	   1660	  13480	   34a8	i2c_applicationram.elf
Finished building: default.size.stdout
 
Finished building: i2c_applicationram.list
 
15:35:38 **** Incremental Build of configuration Debug for project I2C_test2 ****
make -j12 all 
arm-none-eabi-size  I2C_test2.elf 
   text	   data	    bss	    dec	    hex	filename
  11652	     20	   1660	  13332	   3414	I2C_test2.elf
Finished building: default.size.stdout
 
15:36:10 **** Incremental Build of configuration Debug for project I2C_test2 ****
make -j12 all 
arm-none-eabi-size  I2C_test2.elf 
   text	   data	    bss	    dec	    hex	filename
  11652	     20	   1660	  13332	   3414	I2C_test2.elf
Finished building: default.size.stdout
 
15:36:28 **** Incremental Build of configuration Debug for project I2C_test2 ****
make -j12 all 
arm-none-eabi-size  I2C_test2.elf 
   text	   data	    bss	    dec	    hex	filename
  11652	     20	   1660	  13332	   3414	I2C_test2.elf
Finished building: default.size.stdout
 
15:36:47 **** Incremental Build of configuration Debug for project I2C_test2 ****
make -j12 all 
arm-none-eabi-size  I2C_test2.elf 
   text	   data	    bss	    dec	    hex	filename
  11652	     20	   1660	  13332	   3414	I2C_test2.elf
Finished building: default.size.stdout
 
15:36:51 **** Incremental Build of configuration Debug for project I2C_test2 ****
make -j12 all 
arm-none-eabi-size  I2C_test2.elf 
   text	   data	    bss	    dec	    hex	filename
  11652	     20	   1660	  13332	   3414	I2C_test2.elf
Finished building: default.size.stdout
 
15:36:55 **** Incremental Build of configuration Debug for project I2C_test2 ****
make -j12 all 
arm-none-eabi-size  I2C_test2.elf 
   text	   data	    bss	    dec	    hex	filename
  11652	     20	   1660	  13332	   3414	I2C_test2.elf
Finished building: default.size.stdout
 
15:36:59 **** Incremental Build of configuration Debug for project I2C_test2 ****
make -j12 all 
arm-none-eabi-size  I2C_test2.elf 
   text	   data	    bss	    dec	    hex	filename
  11652	     20	   1660	  13332	   3414	I2C_test2.elf
Finished building: default.size.stdout
 
15:37:03 **** Incremental Build of configuration Debug for project I2C_test2 ****
make -j12 all 
arm-none-eabi-size  I2C_test2.elf 
   text	   data	    bss	    dec	    hex	filename
  11652	     20	   1660	  13332	   3414	I2C_test2.elf
Finished building: default.size.stdout
 
15:37:41 **** Incremental Build of configuration Debug for project I2C_test2 ****
make -j12 all 
arm-none-eabi-gcc "../Core/Src/main.c" -mcpu=cortex-m7 -std=gnu11 -g3 -DDEBUG -DUSE_HAL_DRIVER -DSTM32F746xx -c -I../Core/Inc -I../Drivers/STM32F7xx_HAL_Driver/Inc -I../Drivers/STM32F7xx_HAL_Driver/Inc/Legacy -I../Drivers/CMSIS/Device/ST/STM32F7xx/Include -I../Drivers/CMSIS/Include -O0 -ffunction-sections -fdata-sections -Wall -fstack-usage -fcyclomatic-complexity -MMD -MP -MF"Core/Src/main.d" -MT"Core/Src/main.o" --specs=nano.specs -mfpu=fpv5-sp-d16 -mfloat-abi=hard -mthumb -o "Core/Src/main.o"
arm-none-eabi-gcc -o "I2C_test2.elf" @"objects.list"   -mcpu=cortex-m7 -T"/home/invadl0640/Desktop/STM32 Codes/I2C_test2/STM32F746NGHX_FLASH.ld" --specs=nosys.specs -Wl,-Map="I2C_test2.map" -Wl,--gc-sections -static --specs=nano.specs -mfpu=fpv5-sp-d16 -mfloat-abi=hard -mthumb -Wl,--start-group -lc -lm -Wl,--end-group
Finished building target: I2C_test2.elf
 
arm-none-eabi-size  I2C_test2.elf 
arm-none-eabi-objdump -h -S I2C_test2.elf  > "I2C_test2.list"
   text	   data	    bss	    dec	    hex	filename
  11652	     28	   1668	  13348	   3424	I2C_test2.elf
Finished building: default.size.stdout
 
Finished building: I2C_test2.list
 
15:37:55 **** Incremental Build of configuration Debug for project I2C_test2 ****
make -j12 all 
arm-none-eabi-size  I2C_test2.elf 
   text	   data	    bss	    dec	    hex	filename
  11652	     28	   1668	  13348	   3424	I2C_test2.elf
Finished building: default.size.stdout
 
15:38:51 **** Incremental Build of configuration Debug for project I2C_test2 ****
make -j12 all 
arm-none-eabi-gcc "../Core/Src/main.c" -mcpu=cortex-m7 -std=gnu11 -g3 -DDEBUG -DUSE_HAL_DRIVER -DSTM32F746xx -c -I../Core/Inc -I../Drivers/STM32F7xx_HAL_Driver/Inc -I../Drivers/STM32F7xx_HAL_Driver/Inc/Legacy -I../Drivers/CMSIS/Device/ST/STM32F7xx/Include -I../Drivers/CMSIS/Include -O0 -ffunction-sections -fdata-sections -Wall -fstack-usage -fcyclomatic-complexity -MMD -MP -MF"Core/Src/main.d" -MT"Core/Src/main.o" --specs=nano.specs -mfpu=fpv5-sp-d16 -mfloat-abi=hard -mthumb -o "Core/Src/main.o"
arm-none-eabi-gcc -o "I2C_test2.elf" @"objects.list"   -mcpu=cortex-m7 -T"/home/invadl0640/Desktop/STM32 Codes/I2C_test2/STM32F746NGHX_FLASH.ld" --specs=nosys.specs -Wl,-Map="I2C_test2.map" -Wl,--gc-sections -static --specs=nano.specs -mfpu=fpv5-sp-d16 -mfloat-abi=hard -mthumb -Wl,--start-group -lc -lm -Wl,--end-group
Finished building target: I2C_test2.elf
 
arm-none-eabi-size  I2C_test2.elf 
arm-none-eabi-objdump -h -S I2C_test2.elf  > "I2C_test2.list"
   text	   data	    bss	    dec	    hex	filename
  11652	     20	   1660	  13332	   3414	I2C_test2.elf
Finished building: default.size.stdout
 
Finished building: I2C_test2.list
 
15:38:52 **** Incremental Build of configuration Debug for project I2C_test2 ****
make -j12 all 
arm-none-eabi-size  I2C_test2.elf 
   text	   data	    bss	    dec	    hex	filename
  11652	     20	   1660	  13332	   3414	I2C_test2.elf
Finished building: default.size.stdout
 
15:39:14 **** Incremental Build of configuration Debug for project I2C_test2 ****
make -j12 all 
arm-none-eabi-size  I2C_test2.elf 
   text	   data	    bss	    dec	    hex	filename
  11652	     20	   1660	  13332	   3414	I2C_test2.elf
Finished building: default.size.stdout
 
15:39:39 **** Incremental Build of configuration Debug for project I2C_test2 ****
make -j12 all 
arm-none-eabi-size  I2C_test2.elf 
   text	   data	    bss	    dec	    hex	filename
  11652	     20	   1660	  13332	   3414	I2C_test2.elf
Finished building: default.size.stdout
 
15:40:01 **** Incremental Build of configuration Debug for project i2c_applicationram ****
make -j12 all 
arm-none-eabi-size  i2c_applicationram.elf 
   text	   data	    bss	    dec	    hex	filename
  11800	     20	   1660	  13480	   34a8	i2c_applicationram.elf
Finished building: default.size.stdout
 
15:40:26 **** Incremental Build of configuration Debug for project i2c_applicationram ****
make -j12 all 
arm-none-eabi-gcc "../Core/Src/main.c" -mcpu=cortex-m7 -std=gnu11 -g3 -DDEBUG -DUSE_HAL_DRIVER -DSTM32F746xx -c -I../Core/Inc -I../Drivers/STM32F7xx_HAL_Driver/Inc -I../Drivers/STM32F7xx_HAL_Driver/Inc/Legacy -I../Drivers/CMSIS/Device/ST/STM32F7xx/Include -I../Drivers/CMSIS/Include -O0 -ffunction-sections -fdata-sections -Wall -fstack-usage -fcyclomatic-complexity -MMD -MP -MF"Core/Src/main.d" -MT"Core/Src/main.o" --specs=nano.specs -mfpu=fpv5-sp-d16 -mfloat-abi=hard -mthumb -o "Core/Src/main.o"
arm-none-eabi-gcc -o "i2c_applicationram.elf" @"objects.list"   -mcpu=cortex-m7 -T"/home/invadl0640/Desktop/STM32 Codes/i2c_applicationram/STM32F746NGHX_FLASH.ld" --specs=nosys.specs -Wl,-Map="i2c_applicationram.map" -Wl,--gc-sections -static --specs=nano.specs -mfpu=fpv5-sp-d16 -mfloat-abi=hard -mthumb -Wl,--start-group -lc -lm -Wl,--end-group
Finished building target: i2c_applicationram.elf
 
arm-none-eabi-size  i2c_applicationram.elf 
arm-none-eabi-objdump -h -S i2c_applicationram.elf  > "i2c_applicationram.list"
   text	   data	    bss	    dec	    hex	filename
  11800	     28	   1668	  13496	   34b8	i2c_applicationram.elf
Finished building: default.size.stdout
 
Finished building: i2c_applicationram.list
 
15:40:44 **** Incremental Build of configuration Debug for project I2C_test2 ****
make -j12 all 
arm-none-eabi-size  I2C_test2.elf 
   text	   data	    bss	    dec	    hex	filename
  11652	     20	   1660	  13332	   3414	I2C_test2.elf
Finished building: default.size.stdout
 
15:43:48 **** Incremental Build of configuration Debug for project I2C_test2 ****
make -j12 all 
arm-none-eabi-size  I2C_test2.elf 
   text	   data	    bss	    dec	    hex	filename
  11652	     20	   1660	  13332	   3414	I2C_test2.elf
Finished building: default.size.stdout
 
15:45:21 **** Incremental Build of configuration Debug for project i2c_applicationram ****
make -j12 all 
arm-none-eabi-gcc "../Core/Src/main.c" -mcpu=cortex-m7 -std=gnu11 -g3 -DDEBUG -DUSE_HAL_DRIVER -DSTM32F746xx -c -I../Core/Inc -I../Drivers/STM32F7xx_HAL_Driver/Inc -I../Drivers/STM32F7xx_HAL_Driver/Inc/Legacy -I../Drivers/CMSIS/Device/ST/STM32F7xx/Include -I../Drivers/CMSIS/Include -O0 -ffunction-sections -fdata-sections -Wall -fstack-usage -fcyclomatic-complexity -MMD -MP -MF"Core/Src/main.d" -MT"Core/Src/main.o" --specs=nano.specs -mfpu=fpv5-sp-d16 -mfloat-abi=hard -mthumb -o "Core/Src/main.o"
arm-none-eabi-gcc -o "i2c_applicationram.elf" @"objects.list"   -mcpu=cortex-m7 -T"/home/invadl0640/Desktop/STM32 Codes/i2c_applicationram/STM32F746NGHX_FLASH.ld" --specs=nosys.specs -Wl,-Map="i2c_applicationram.map" -Wl,--gc-sections -static --specs=nano.specs -mfpu=fpv5-sp-d16 -mfloat-abi=hard -mthumb -Wl,--start-group -lc -lm -Wl,--end-group
Finished building target: i2c_applicationram.elf
 
arm-none-eabi-size  i2c_applicationram.elf 
arm-none-eabi-objdump -h -S i2c_applicationram.elf  > "i2c_applicationram.list"
   text	   data	    bss	    dec	    hex	filename
  11800	     28	   1668	  13496	   34b8	i2c_applicationram.elf
Finished building: default.size.stdout
 
Finished building: i2c_applicationram.list
 
15:45:31 **** Incremental Build of configuration Debug for project I2C_test2 ****
make -j12 all 
arm-none-eabi-size  I2C_test2.elf 
   text	   data	    bss	    dec	    hex	filename
  11652	     20	   1660	  13332	   3414	I2C_test2.elf
Finished building: default.size.stdout
 
15:47:21 **** Incremental Build of configuration Debug for project i2c_applicationram ****
make -j12 all 
arm-none-eabi-gcc "../Core/Src/main.c" -mcpu=cortex-m7 -std=gnu11 -g3 -DDEBUG -DUSE_HAL_DRIVER -DSTM32F746xx -c -I../Core/Inc -I../Drivers/STM32F7xx_HAL_Driver/Inc -I../Drivers/STM32F7xx_HAL_Driver/Inc/Legacy -I../Drivers/CMSIS/Device/ST/STM32F7xx/Include -I../Drivers/CMSIS/Include -O0 -ffunction-sections -fdata-sections -Wall -fstack-usage -fcyclomatic-complexity -MMD -MP -MF"Core/Src/main.d" -MT"Core/Src/main.o" --specs=nano.specs -mfpu=fpv5-sp-d16 -mfloat-abi=hard -mthumb -o "Core/Src/main.o"
arm-none-eabi-gcc -o "i2c_applicationram.elf" @"objects.list"   -mcpu=cortex-m7 -T"/home/invadl0640/Desktop/STM32 Codes/i2c_applicationram/STM32F746NGHX_FLASH.ld" --specs=nosys.specs -Wl,-Map="i2c_applicationram.map" -Wl,--gc-sections -static --specs=nano.specs -mfpu=fpv5-sp-d16 -mfloat-abi=hard -mthumb -Wl,--start-group -lc -lm -Wl,--end-group
Finished building target: i2c_applicationram.elf
 
arm-none-eabi-size  i2c_applicationram.elf 
arm-none-eabi-objdump -h -S i2c_applicationram.elf  > "i2c_applicationram.list"
   text	   data	    bss	    dec	    hex	filename
  11800	     28	   1668	  13496	   34b8	i2c_applicationram.elf
Finished building: default.size.stdout
 
Finished building: i2c_applicationram.list
 
15:47:27 **** Incremental Build of configuration Debug for project I2C_test2 ****
make -j12 all 
arm-none-eabi-size  I2C_test2.elf 
   text	   data	    bss	    dec	    hex	filename
  11652	     20	   1660	  13332	   3414	I2C_test2.elf
Finished building: default.size.stdout
 
15:47:45 **** Incremental Build of configuration Debug for project i2c_applicationram ****
make -j12 all 
arm-none-eabi-gcc "../Core/Src/main.c" -mcpu=cortex-m7 -std=gnu11 -g3 -DDEBUG -DUSE_HAL_DRIVER -DSTM32F746xx -c -I../Core/Inc -I../Drivers/STM32F7xx_HAL_Driver/Inc -I../Drivers/STM32F7xx_HAL_Driver/Inc/Legacy -I../Drivers/CMSIS/Device/ST/STM32F7xx/Include -I../Drivers/CMSIS/Include -O0 -ffunction-sections -fdata-sections -Wall -fstack-usage -fcyclomatic-complexity -MMD -MP -MF"Core/Src/main.d" -MT"Core/Src/main.o" --specs=nano.specs -mfpu=fpv5-sp-d16 -mfloat-abi=hard -mthumb -o "Core/Src/main.o"
arm-none-eabi-gcc -o "i2c_applicationram.elf" @"objects.list"   -mcpu=cortex-m7 -T"/home/invadl0640/Desktop/STM32 Codes/i2c_applicationram/STM32F746NGHX_FLASH.ld" --specs=nosys.specs -Wl,-Map="i2c_applicationram.map" -Wl,--gc-sections -static --specs=nano.specs -mfpu=fpv5-sp-d16 -mfloat-abi=hard -mthumb -Wl,--start-group -lc -lm -Wl,--end-group
Finished building target: i2c_applicationram.elf
 
arm-none-eabi-size  i2c_applicationram.elf 
arm-none-eabi-objdump -h -S i2c_applicationram.elf  > "i2c_applicationram.list"
   text	   data	    bss	    dec	    hex	filename
  11800	     28	   1668	  13496	   34b8	i2c_applicationram.elf
Finished building: default.size.stdout
 
Finished building: i2c_applicationram.list
 
15:56:46 **** Incremental Build of configuration Debug for project i2c_applicationram ****
make -j12 all 
arm-none-eabi-gcc "../Core/Src/main.c" -mcpu=cortex-m7 -std=gnu11 -g3 -DDEBUG -DUSE_HAL_DRIVER -DSTM32F746xx -c -I../Core/Inc -I../Drivers/STM32F7xx_HAL_Driver/Inc -I../Drivers/STM32F7xx_HAL_Driver/Inc/Legacy -I../Drivers/CMSIS/Device/ST/STM32F7xx/Include -I../Drivers/CMSIS/Include -O0 -ffunction-sections -fdata-sections -Wall -fstack-usage -fcyclomatic-complexity -MMD -MP -MF"Core/Src/main.d" -MT"Core/Src/main.o" --specs=nano.specs -mfpu=fpv5-sp-d16 -mfloat-abi=hard -mthumb -o "Core/Src/main.o"
arm-none-eabi-gcc -o "i2c_applicationram.elf" @"objects.list"   -mcpu=cortex-m7 -T"/home/invadl0640/Desktop/STM32 Codes/i2c_applicationram/STM32F746NGHX_FLASH.ld" --specs=nosys.specs -Wl,-Map="i2c_applicationram.map" -Wl,--gc-sections -static --specs=nano.specs -mfpu=fpv5-sp-d16 -mfloat-abi=hard -mthumb -Wl,--start-group -lc -lm -Wl,--end-group
Finished building target: i2c_applicationram.elf
 
arm-none-eabi-size  i2c_applicationram.elf 
arm-none-eabi-objdump -h -S i2c_applicationram.elf  > "i2c_applicationram.list"
   text	   data	    bss	    dec	    hex	filename
  11800	     28	   1668	  13496	   34b8	i2c_applicationram.elf
Finished building: default.size.stdout
 
Finished building: i2c_applicationram.list
 
15:56:54 **** Incremental Build of configuration Debug for project I2C_test2 ****
make -j12 all 
arm-none-eabi-size  I2C_test2.elf 
   text	   data	    bss	    dec	    hex	filename
  11652	     20	   1660	  13332	   3414	I2C_test2.elf
Finished building: default.size.stdout
 
15:57:14 **** Incremental Build of configuration Debug for project i2c_applicationram ****
make -j12 all 
arm-none-eabi-gcc "../Core/Src/main.c" -mcpu=cortex-m7 -std=gnu11 -g3 -DDEBUG -DUSE_HAL_DRIVER -DSTM32F746xx -c -I../Core/Inc -I../Drivers/STM32F7xx_HAL_Driver/Inc -I../Drivers/STM32F7xx_HAL_Driver/Inc/Legacy -I../Drivers/CMSIS/Device/ST/STM32F7xx/Include -I../Drivers/CMSIS/Include -O0 -ffunction-sections -fdata-sections -Wall -fstack-usage -fcyclomatic-complexity -MMD -MP -MF"Core/Src/main.d" -MT"Core/Src/main.o" --specs=nano.specs -mfpu=fpv5-sp-d16 -mfloat-abi=hard -mthumb -o "Core/Src/main.o"
arm-none-eabi-gcc -o "i2c_applicationram.elf" @"objects.list"   -mcpu=cortex-m7 -T"/home/invadl0640/Desktop/STM32 Codes/i2c_applicationram/STM32F746NGHX_FLASH.ld" --specs=nosys.specs -Wl,-Map="i2c_applicationram.map" -Wl,--gc-sections -static --specs=nano.specs -mfpu=fpv5-sp-d16 -mfloat-abi=hard -mthumb -Wl,--start-group -lc -lm -Wl,--end-group
Finished building target: i2c_applicationram.elf
 
arm-none-eabi-size  i2c_applicationram.elf 
arm-none-eabi-objdump -h -S i2c_applicationram.elf  > "i2c_applicationram.list"
   text	   data	    bss	    dec	    hex	filename
  11800	     28	   1668	  13496	   34b8	i2c_applicationram.elf
Finished building: default.size.stdout
 
Finished building: i2c_applicationram.list
 
15:58:12 **** Incremental Build of configuration Debug for project i2c_applicationram ****
make -j12 all 
arm-none-eabi-gcc "../Core/Src/main.c" -mcpu=cortex-m7 -std=gnu11 -g3 -DDEBUG -DUSE_HAL_DRIVER -DSTM32F746xx -c -I../Core/Inc -I../Drivers/STM32F7xx_HAL_Driver/Inc -I../Drivers/STM32F7xx_HAL_Driver/Inc/Legacy -I../Drivers/CMSIS/Device/ST/STM32F7xx/Include -I../Drivers/CMSIS/Include -O0 -ffunction-sections -fdata-sections -Wall -fstack-usage -fcyclomatic-complexity -MMD -MP -MF"Core/Src/main.d" -MT"Core/Src/main.o" --specs=nano.specs -mfpu=fpv5-sp-d16 -mfloat-abi=hard -mthumb -o "Core/Src/main.o"
arm-none-eabi-gcc -o "i2c_applicationram.elf" @"objects.list"   -mcpu=cortex-m7 -T"/home/invadl0640/Desktop/STM32 Codes/i2c_applicationram/STM32F746NGHX_FLASH.ld" --specs=nosys.specs -Wl,-Map="i2c_applicationram.map" -Wl,--gc-sections -static --specs=nano.specs -mfpu=fpv5-sp-d16 -mfloat-abi=hard -mthumb -Wl,--start-group -lc -lm -Wl,--end-group
Finished building target: i2c_applicationram.elf
 
arm-none-eabi-size  i2c_applicationram.elf 
arm-none-eabi-objdump -h -S i2c_applicationram.elf  > "i2c_applicationram.list"
   text	   data	    bss	    dec	    hex	filename
  11800	     28	   1668	  13496	   34b8	i2c_applicationram.elf
Finished building: default.size.stdout
 
Finished building: i2c_applicationram.list
 
15:58:17 **** Incremental Build of configuration Debug for project I2C_test2 ****
make -j12 all 
arm-none-eabi-size  I2C_test2.elf 
   text	   data	    bss	    dec	    hex	filename
  11652	     20	   1660	  13332	   3414	I2C_test2.elf
Finished building: default.size.stdout
 
15:59:00 **** Incremental Build of configuration Debug for project i2c_applicationram ****
make -j12 all 
arm-none-eabi-gcc "../Core/Src/main.c" -mcpu=cortex-m7 -std=gnu11 -g3 -DDEBUG -DUSE_HAL_DRIVER -DSTM32F746xx -c -I../Core/Inc -I../Drivers/STM32F7xx_HAL_Driver/Inc -I../Drivers/STM32F7xx_HAL_Driver/Inc/Legacy -I../Drivers/CMSIS/Device/ST/STM32F7xx/Include -I../Drivers/CMSIS/Include -O0 -ffunction-sections -fdata-sections -Wall -fstack-usage -fcyclomatic-complexity -MMD -MP -MF"Core/Src/main.d" -MT"Core/Src/main.o" --specs=nano.specs -mfpu=fpv5-sp-d16 -mfloat-abi=hard -mthumb -o "Core/Src/main.o"
arm-none-eabi-gcc -o "i2c_applicationram.elf" @"objects.list"   -mcpu=cortex-m7 -T"/home/invadl0640/Desktop/STM32 Codes/i2c_applicationram/STM32F746NGHX_FLASH.ld" --specs=nosys.specs -Wl,-Map="i2c_applicationram.map" -Wl,--gc-sections -static --specs=nano.specs -mfpu=fpv5-sp-d16 -mfloat-abi=hard -mthumb -Wl,--start-group -lc -lm -Wl,--end-group
Finished building target: i2c_applicationram.elf
 
arm-none-eabi-size  i2c_applicationram.elf 
arm-none-eabi-objdump -h -S i2c_applicationram.elf  > "i2c_applicationram.list"
   text	   data	    bss	    dec	    hex	filename
  11800	     24	   1664	  13488	   34b0	i2c_applicationram.elf
Finished building: default.size.stdout
 
Finished building: i2c_applicationram.list
 
15:59:04 **** Incremental Build of configuration Debug for project I2C_test2 ****
make -j12 all 
arm-none-eabi-size  I2C_test2.elf 
   text	   data	    bss	    dec	    hex	filename
  11652	     20	   1660	  13332	   3414	I2C_test2.elf
Finished building: default.size.stdout
 
16:07:26 **** Incremental Build of configuration Debug for project i2c_applicationram ****
make -j12 all 
arm-none-eabi-gcc "../Core/Src/main.c" -mcpu=cortex-m7 -std=gnu11 -g3 -DDEBUG -DUSE_HAL_DRIVER -DSTM32F746xx -c -I../Core/Inc -I../Drivers/STM32F7xx_HAL_Driver/Inc -I../Drivers/STM32F7xx_HAL_Driver/Inc/Legacy -I../Drivers/CMSIS/Device/ST/STM32F7xx/Include -I../Drivers/CMSIS/Include -O0 -ffunction-sections -fdata-sections -Wall -fstack-usage -fcyclomatic-complexity -MMD -MP -MF"Core/Src/main.d" -MT"Core/Src/main.o" --specs=nano.specs -mfpu=fpv5-sp-d16 -mfloat-abi=hard -mthumb -o "Core/Src/main.o"
arm-none-eabi-gcc -o "i2c_applicationram.elf" @"objects.list"   -mcpu=cortex-m7 -T"/home/invadl0640/Desktop/STM32 Codes/i2c_applicationram/STM32F746NGHX_FLASH.ld" --specs=nosys.specs -Wl,-Map="i2c_applicationram.map" -Wl,--gc-sections -static --specs=nano.specs -mfpu=fpv5-sp-d16 -mfloat-abi=hard -mthumb -Wl,--start-group -lc -lm -Wl,--end-group
Finished building target: i2c_applicationram.elf
 
arm-none-eabi-size  i2c_applicationram.elf 
arm-none-eabi-objdump -h -S i2c_applicationram.elf  > "i2c_applicationram.list"
   text	   data	    bss	    dec	    hex	filename
  11800	     28	   1668	  13496	   34b8	i2c_applicationram.elf
Finished building: default.size.stdout
 
Finished building: i2c_applicationram.list
 
16:07:31 **** Incremental Build of configuration Debug for project I2C_test2 ****
make -j12 all 
arm-none-eabi-size  I2C_test2.elf 
   text	   data	    bss	    dec	    hex	filename
  11652	     20	   1660	  13332	   3414	I2C_test2.elf
Finished building: default.size.stdout
 
16:30:24 **** Incremental Build of configuration Debug for project i2c_applicationram ****
make -j12 all 
arm-none-eabi-gcc "../Core/Src/main.c" -mcpu=cortex-m7 -std=gnu11 -g3 -DDEBUG -DUSE_HAL_DRIVER -DSTM32F746xx -c -I../Core/Inc -I../Drivers/STM32F7xx_HAL_Driver/Inc -I../Drivers/STM32F7xx_HAL_Driver/Inc/Legacy -I../Drivers/CMSIS/Device/ST/STM32F7xx/Include -I../Drivers/CMSIS/Include -O0 -ffunction-sections -fdata-sections -Wall -fstack-usage -fcyclomatic-complexity -MMD -MP -MF"Core/Src/main.d" -MT"Core/Src/main.o" --specs=nano.specs -mfpu=fpv5-sp-d16 -mfloat-abi=hard -mthumb -o "Core/Src/main.o"
arm-none-eabi-gcc -o "i2c_applicationram.elf" @"objects.list"   -mcpu=cortex-m7 -T"/home/invadl0640/Desktop/STM32 Codes/i2c_applicationram/STM32F746NGHX_FLASH.ld" --specs=nosys.specs -Wl,-Map="i2c_applicationram.map" -Wl,--gc-sections -static --specs=nano.specs -mfpu=fpv5-sp-d16 -mfloat-abi=hard -mthumb -Wl,--start-group -lc -lm -Wl,--end-group
Finished building target: i2c_applicationram.elf
 
arm-none-eabi-size  i2c_applicationram.elf 
arm-none-eabi-objdump -h -S i2c_applicationram.elf  > "i2c_applicationram.list"
   text	   data	    bss	    dec	    hex	filename
  11800	     32	   1672	  13504	   34c0	i2c_applicationram.elf
Finished building: default.size.stdout
 
Finished building: i2c_applicationram.list
 
16:30:30 **** Incremental Build of configuration Debug for project I2C_test2 ****
make -j12 all 
arm-none-eabi-size  I2C_test2.elf 
   text	   data	    bss	    dec	    hex	filename
  11652	     20	   1660	  13332	   3414	I2C_test2.elf
Finished building: default.size.stdout
 
16:31:09 **** Incremental Build of configuration Debug for project i2c_applicationram ****
make -j12 all 
arm-none-eabi-gcc "../Core/Src/main.c" -mcpu=cortex-m7 -std=gnu11 -g3 -DDEBUG -DUSE_HAL_DRIVER -DSTM32F746xx -c -I../Core/Inc -I../Drivers/STM32F7xx_HAL_Driver/Inc -I../Drivers/STM32F7xx_HAL_Driver/Inc/Legacy -I../Drivers/CMSIS/Device/ST/STM32F7xx/Include -I../Drivers/CMSIS/Include -O0 -ffunction-sections -fdata-sections -Wall -fstack-usage -fcyclomatic-complexity -MMD -MP -MF"Core/Src/main.d" -MT"Core/Src/main.o" --specs=nano.specs -mfpu=fpv5-sp-d16 -mfloat-abi=hard -mthumb -o "Core/Src/main.o"
../Core/Src/main.c: In function 'main':
../Core/Src/main.c:113:22: warning: unused variable 'readStatus' [-Wunused-variable]
  113 |    HAL_StatusTypeDef readStatus = HAL_I2C_Mem_Read(
      |                      ^~~~~~~~~~
arm-none-eabi-gcc -o "i2c_applicationram.elf" @"objects.list"   -mcpu=cortex-m7 -T"/home/invadl0640/Desktop/STM32 Codes/i2c_applicationram/STM32F746NGHX_FLASH.ld" --specs=nosys.specs -Wl,-Map="i2c_applicationram.map" -Wl,--gc-sections -static --specs=nano.specs -mfpu=fpv5-sp-d16 -mfloat-abi=hard -mthumb -Wl,--start-group -lc -lm -Wl,--end-group
Finished building target: i2c_applicationram.elf
 
arm-none-eabi-size  i2c_applicationram.elf 
arm-none-eabi-objdump -h -S i2c_applicationram.elf  > "i2c_applicationram.list"
   text	   data	    bss	    dec	    hex	filename
  11040	     28	   1668	  12736	   31c0	i2c_applicationram.elf
Finished building: default.size.stdout
 
Finished building: i2c_applicationram.list
 
16:31:19 **** Incremental Build of configuration Debug for project I2C_test2 ****
make -j12 all 
arm-none-eabi-size  I2C_test2.elf 
   text	   data	    bss	    dec	    hex	filename
  11652	     20	   1660	  13332	   3414	I2C_test2.elf
Finished building: default.size.stdout
 
08:31:09 **** Incremental Build of configuration Debug for project i2c_applicationram ****
make -j12 all 
arm-none-eabi-gcc "../Core/Src/main.c" -mcpu=cortex-m7 -std=gnu11 -g3 -DDEBUG -DUSE_HAL_DRIVER -DSTM32F746xx -c -I../Core/Inc -I../Drivers/STM32F7xx_HAL_Driver/Inc -I../Drivers/STM32F7xx_HAL_Driver/Inc/Legacy -I../Drivers/CMSIS/Device/ST/STM32F7xx/Include -I../Drivers/CMSIS/Include -O0 -ffunction-sections -fdata-sections -Wall -fstack-usage -fcyclomatic-complexity -MMD -MP -MF"Core/Src/main.d" -MT"Core/Src/main.o" --specs=nano.specs -mfpu=fpv5-sp-d16 -mfloat-abi=hard -mthumb -o "Core/Src/main.o"
arm-none-eabi-gcc -o "i2c_applicationram.elf" @"objects.list"   -mcpu=cortex-m7 -T"/home/invadl0640/Desktop/STM32 Codes/i2c_applicationram/STM32F746NGHX_FLASH.ld" --specs=nosys.specs -Wl,-Map="i2c_applicationram.map" -Wl,--gc-sections -static --specs=nano.specs -mfpu=fpv5-sp-d16 -mfloat-abi=hard -mthumb -Wl,--start-group -lc -lm -Wl,--end-group
Finished building target: i2c_applicationram.elf
 
arm-none-eabi-size  i2c_applicationram.elf 
arm-none-eabi-objdump -h -S i2c_applicationram.elf  > "i2c_applicationram.list"
   text	   data	    bss	    dec	    hex	filename
  11800	     28	   1668	  13496	   34b8	i2c_applicationram.elf
Finished building: default.size.stdout
 
Finished building: i2c_applicationram.list
 
08:37:36 **** Build of configuration Debug for project i2c_both_ram ****
make -j12 all 
arm-none-eabi-gcc "../Drivers/STM32F7xx_HAL_Driver/Src/stm32f7xx_hal.c" -mcpu=cortex-m7 -std=gnu11 -g3 -DDEBUG -DUSE_HAL_DRIVER -DSTM32F746xx -c -I../Core/Inc -I../Drivers/STM32F7xx_HAL_Driver/Inc -I../Drivers/STM32F7xx_HAL_Driver/Inc/Legacy -I../Drivers/CMSIS/Device/ST/STM32F7xx/Include -I../Drivers/CMSIS/Include -O0 -ffunction-sections -fdata-sections -Wall -fstack-usage -fcyclomatic-complexity -MMD -MP -MF"Drivers/STM32F7xx_HAL_Driver/Src/stm32f7xx_hal.d" -MT"Drivers/STM32F7xx_HAL_Driver/Src/stm32f7xx_hal.o" --specs=nano.specs -mfpu=fpv5-sp-d16 -mfloat-abi=hard -mthumb -o "Drivers/STM32F7xx_HAL_Driver/Src/stm32f7xx_hal.o"
arm-none-eabi-gcc "../Drivers/STM32F7xx_HAL_Driver/Src/stm32f7xx_hal_cortex.c" -mcpu=cortex-m7 -std=gnu11 -g3 -DDEBUG -DUSE_HAL_DRIVER -DSTM32F746xx -c -I../Core/Inc -I../Drivers/STM32F7xx_HAL_Driver/Inc -I../Drivers/STM32F7xx_HAL_Driver/Inc/Legacy -I../Drivers/CMSIS/Device/ST/STM32F7xx/Include -I../Drivers/CMSIS/Include -O0 -ffunction-sections -fdata-sections -Wall -fstack-usage -fcyclomatic-complexity -MMD -MP -MF"Drivers/STM32F7xx_HAL_Driver/Src/stm32f7xx_hal_cortex.d" -MT"Drivers/STM32F7xx_HAL_Driver/Src/stm32f7xx_hal_cortex.o" --specs=nano.specs -mfpu=fpv5-sp-d16 -mfloat-abi=hard -mthumb -o "Drivers/STM32F7xx_HAL_Driver/Src/stm32f7xx_hal_cortex.o"
arm-none-eabi-gcc "../Drivers/STM32F7xx_HAL_Driver/Src/stm32f7xx_hal_dma.c" -mcpu=cortex-m7 -std=gnu11 -g3 -DDEBUG -DUSE_HAL_DRIVER -DSTM32F746xx -c -I../Core/Inc -I../Drivers/STM32F7xx_HAL_Driver/Inc -I../Drivers/STM32F7xx_HAL_Driver/Inc/Legacy -I../Drivers/CMSIS/Device/ST/STM32F7xx/Include -I../Drivers/CMSIS/Include -O0 -ffunction-sections -fdata-sections -Wall -fstack-usage -fcyclomatic-complexity -MMD -MP -MF"Drivers/STM32F7xx_HAL_Driver/Src/stm32f7xx_hal_dma.d" -MT"Drivers/STM32F7xx_HAL_Driver/Src/stm32f7xx_hal_dma.o" --specs=nano.specs -mfpu=fpv5-sp-d16 -mfloat-abi=hard -mthumb -o "Drivers/STM32F7xx_HAL_Driver/Src/stm32f7xx_hal_dma.o"
arm-none-eabi-gcc "../Drivers/STM32F7xx_HAL_Driver/Src/stm32f7xx_hal_dma_ex.c" -mcpu=cortex-m7 -std=gnu11 -g3 -DDEBUG -DUSE_HAL_DRIVER -DSTM32F746xx -c -I../Core/Inc -I../Drivers/STM32F7xx_HAL_Driver/Inc -I../Drivers/STM32F7xx_HAL_Driver/Inc/Legacy -I../Drivers/CMSIS/Device/ST/STM32F7xx/Include -I../Drivers/CMSIS/Include -O0 -ffunction-sections -fdata-sections -Wall -fstack-usage -fcyclomatic-complexity -MMD -MP -MF"Drivers/STM32F7xx_HAL_Driver/Src/stm32f7xx_hal_dma_ex.d" -MT"Drivers/STM32F7xx_HAL_Driver/Src/stm32f7xx_hal_dma_ex.o" --specs=nano.specs -mfpu=fpv5-sp-d16 -mfloat-abi=hard -mthumb -o "Drivers/STM32F7xx_HAL_Driver/Src/stm32f7xx_hal_dma_ex.o"
arm-none-eabi-gcc "../Drivers/STM32F7xx_HAL_Driver/Src/stm32f7xx_hal_exti.c" -mcpu=cortex-m7 -std=gnu11 -g3 -DDEBUG -DUSE_HAL_DRIVER -DSTM32F746xx -c -I../Core/Inc -I../Drivers/STM32F7xx_HAL_Driver/Inc -I../Drivers/STM32F7xx_HAL_Driver/Inc/Legacy -I../Drivers/CMSIS/Device/ST/STM32F7xx/Include -I../Drivers/CMSIS/Include -O0 -ffunction-sections -fdata-sections -Wall -fstack-usage -fcyclomatic-complexity -MMD -MP -MF"Drivers/STM32F7xx_HAL_Driver/Src/stm32f7xx_hal_exti.d" -MT"Drivers/STM32F7xx_HAL_Driver/Src/stm32f7xx_hal_exti.o" --specs=nano.specs -mfpu=fpv5-sp-d16 -mfloat-abi=hard -mthumb -o "Drivers/STM32F7xx_HAL_Driver/Src/stm32f7xx_hal_exti.o"
arm-none-eabi-gcc "../Drivers/STM32F7xx_HAL_Driver/Src/stm32f7xx_hal_flash.c" -mcpu=cortex-m7 -std=gnu11 -g3 -DDEBUG -DUSE_HAL_DRIVER -DSTM32F746xx -c -I../Core/Inc -I../Drivers/STM32F7xx_HAL_Driver/Inc -I../Drivers/STM32F7xx_HAL_Driver/Inc/Legacy -I../Drivers/CMSIS/Device/ST/STM32F7xx/Include -I../Drivers/CMSIS/Include -O0 -ffunction-sections -fdata-sections -Wall -fstack-usage -fcyclomatic-complexity -MMD -MP -MF"Drivers/STM32F7xx_HAL_Driver/Src/stm32f7xx_hal_flash.d" -MT"Drivers/STM32F7xx_HAL_Driver/Src/stm32f7xx_hal_flash.o" --specs=nano.specs -mfpu=fpv5-sp-d16 -mfloat-abi=hard -mthumb -o "Drivers/STM32F7xx_HAL_Driver/Src/stm32f7xx_hal_flash.o"
arm-none-eabi-gcc "../Drivers/STM32F7xx_HAL_Driver/Src/stm32f7xx_hal_flash_ex.c" -mcpu=cortex-m7 -std=gnu11 -g3 -DDEBUG -DUSE_HAL_DRIVER -DSTM32F746xx -c -I../Core/Inc -I../Drivers/STM32F7xx_HAL_Driver/Inc -I../Drivers/STM32F7xx_HAL_Driver/Inc/Legacy -I../Drivers/CMSIS/Device/ST/STM32F7xx/Include -I../Drivers/CMSIS/Include -O0 -ffunction-sections -fdata-sections -Wall -fstack-usage -fcyclomatic-complexity -MMD -MP -MF"Drivers/STM32F7xx_HAL_Driver/Src/stm32f7xx_hal_flash_ex.d" -MT"Drivers/STM32F7xx_HAL_Driver/Src/stm32f7xx_hal_flash_ex.o" --specs=nano.specs -mfpu=fpv5-sp-d16 -mfloat-abi=hard -mthumb -o "Drivers/STM32F7xx_HAL_Driver/Src/stm32f7xx_hal_flash_ex.o"
arm-none-eabi-gcc "../Drivers/STM32F7xx_HAL_Driver/Src/stm32f7xx_hal_gpio.c" -mcpu=cortex-m7 -std=gnu11 -g3 -DDEBUG -DUSE_HAL_DRIVER -DSTM32F746xx -c -I../Core/Inc -I../Drivers/STM32F7xx_HAL_Driver/Inc -I../Drivers/STM32F7xx_HAL_Driver/Inc/Legacy -I../Drivers/CMSIS/Device/ST/STM32F7xx/Include -I../Drivers/CMSIS/Include -O0 -ffunction-sections -fdata-sections -Wall -fstack-usage -fcyclomatic-complexity -MMD -MP -MF"Drivers/STM32F7xx_HAL_Driver/Src/stm32f7xx_hal_gpio.d" -MT"Drivers/STM32F7xx_HAL_Driver/Src/stm32f7xx_hal_gpio.o" --specs=nano.specs -mfpu=fpv5-sp-d16 -mfloat-abi=hard -mthumb -o "Drivers/STM32F7xx_HAL_Driver/Src/stm32f7xx_hal_gpio.o"
arm-none-eabi-gcc "../Drivers/STM32F7xx_HAL_Driver/Src/stm32f7xx_hal_i2c.c" -mcpu=cortex-m7 -std=gnu11 -g3 -DDEBUG -DUSE_HAL_DRIVER -DSTM32F746xx -c -I../Core/Inc -I../Drivers/STM32F7xx_HAL_Driver/Inc -I../Drivers/STM32F7xx_HAL_Driver/Inc/Legacy -I../Drivers/CMSIS/Device/ST/STM32F7xx/Include -I../Drivers/CMSIS/Include -O0 -ffunction-sections -fdata-sections -Wall -fstack-usage -fcyclomatic-complexity -MMD -MP -MF"Drivers/STM32F7xx_HAL_Driver/Src/stm32f7xx_hal_i2c.d" -MT"Drivers/STM32F7xx_HAL_Driver/Src/stm32f7xx_hal_i2c.o" --specs=nano.specs -mfpu=fpv5-sp-d16 -mfloat-abi=hard -mthumb -o "Drivers/STM32F7xx_HAL_Driver/Src/stm32f7xx_hal_i2c.o"
arm-none-eabi-gcc "../Drivers/STM32F7xx_HAL_Driver/Src/stm32f7xx_hal_i2c_ex.c" -mcpu=cortex-m7 -std=gnu11 -g3 -DDEBUG -DUSE_HAL_DRIVER -DSTM32F746xx -c -I../Core/Inc -I../Drivers/STM32F7xx_HAL_Driver/Inc -I../Drivers/STM32F7xx_HAL_Driver/Inc/Legacy -I../Drivers/CMSIS/Device/ST/STM32F7xx/Include -I../Drivers/CMSIS/Include -O0 -ffunction-sections -fdata-sections -Wall -fstack-usage -fcyclomatic-complexity -MMD -MP -MF"Drivers/STM32F7xx_HAL_Driver/Src/stm32f7xx_hal_i2c_ex.d" -MT"Drivers/STM32F7xx_HAL_Driver/Src/stm32f7xx_hal_i2c_ex.o" --specs=nano.specs -mfpu=fpv5-sp-d16 -mfloat-abi=hard -mthumb -o "Drivers/STM32F7xx_HAL_Driver/Src/stm32f7xx_hal_i2c_ex.o"
arm-none-eabi-gcc "../Drivers/STM32F7xx_HAL_Driver/Src/stm32f7xx_hal_pwr.c" -mcpu=cortex-m7 -std=gnu11 -g3 -DDEBUG -DUSE_HAL_DRIVER -DSTM32F746xx -c -I../Core/Inc -I../Drivers/STM32F7xx_HAL_Driver/Inc -I../Drivers/STM32F7xx_HAL_Driver/Inc/Legacy -I../Drivers/CMSIS/Device/ST/STM32F7xx/Include -I../Drivers/CMSIS/Include -O0 -ffunction-sections -fdata-sections -Wall -fstack-usage -fcyclomatic-complexity -MMD -MP -MF"Drivers/STM32F7xx_HAL_Driver/Src/stm32f7xx_hal_pwr.d" -MT"Drivers/STM32F7xx_HAL_Driver/Src/stm32f7xx_hal_pwr.o" --specs=nano.specs -mfpu=fpv5-sp-d16 -mfloat-abi=hard -mthumb -o "Drivers/STM32F7xx_HAL_Driver/Src/stm32f7xx_hal_pwr.o"
arm-none-eabi-gcc "../Drivers/STM32F7xx_HAL_Driver/Src/stm32f7xx_hal_pwr_ex.c" -mcpu=cortex-m7 -std=gnu11 -g3 -DDEBUG -DUSE_HAL_DRIVER -DSTM32F746xx -c -I../Core/Inc -I../Drivers/STM32F7xx_HAL_Driver/Inc -I../Drivers/STM32F7xx_HAL_Driver/Inc/Legacy -I../Drivers/CMSIS/Device/ST/STM32F7xx/Include -I../Drivers/CMSIS/Include -O0 -ffunction-sections -fdata-sections -Wall -fstack-usage -fcyclomatic-complexity -MMD -MP -MF"Drivers/STM32F7xx_HAL_Driver/Src/stm32f7xx_hal_pwr_ex.d" -MT"Drivers/STM32F7xx_HAL_Driver/Src/stm32f7xx_hal_pwr_ex.o" --specs=nano.specs -mfpu=fpv5-sp-d16 -mfloat-abi=hard -mthumb -o "Drivers/STM32F7xx_HAL_Driver/Src/stm32f7xx_hal_pwr_ex.o"
arm-none-eabi-gcc "../Drivers/STM32F7xx_HAL_Driver/Src/stm32f7xx_hal_rcc.c" -mcpu=cortex-m7 -std=gnu11 -g3 -DDEBUG -DUSE_HAL_DRIVER -DSTM32F746xx -c -I../Core/Inc -I../Drivers/STM32F7xx_HAL_Driver/Inc -I../Drivers/STM32F7xx_HAL_Driver/Inc/Legacy -I../Drivers/CMSIS/Device/ST/STM32F7xx/Include -I../Drivers/CMSIS/Include -O0 -ffunction-sections -fdata-sections -Wall -fstack-usage -fcyclomatic-complexity -MMD -MP -MF"Drivers/STM32F7xx_HAL_Driver/Src/stm32f7xx_hal_rcc.d" -MT"Drivers/STM32F7xx_HAL_Driver/Src/stm32f7xx_hal_rcc.o" --specs=nano.specs -mfpu=fpv5-sp-d16 -mfloat-abi=hard -mthumb -o "Drivers/STM32F7xx_HAL_Driver/Src/stm32f7xx_hal_rcc.o"
arm-none-eabi-gcc "../Drivers/STM32F7xx_HAL_Driver/Src/stm32f7xx_hal_rcc_ex.c" -mcpu=cortex-m7 -std=gnu11 -g3 -DDEBUG -DUSE_HAL_DRIVER -DSTM32F746xx -c -I../Core/Inc -I../Drivers/STM32F7xx_HAL_Driver/Inc -I../Drivers/STM32F7xx_HAL_Driver/Inc/Legacy -I../Drivers/CMSIS/Device/ST/STM32F7xx/Include -I../Drivers/CMSIS/Include -O0 -ffunction-sections -fdata-sections -Wall -fstack-usage -fcyclomatic-complexity -MMD -MP -MF"Drivers/STM32F7xx_HAL_Driver/Src/stm32f7xx_hal_rcc_ex.d" -MT"Drivers/STM32F7xx_HAL_Driver/Src/stm32f7xx_hal_rcc_ex.o" --specs=nano.specs -mfpu=fpv5-sp-d16 -mfloat-abi=hard -mthumb -o "Drivers/STM32F7xx_HAL_Driver/Src/stm32f7xx_hal_rcc_ex.o"
arm-none-eabi-gcc -mcpu=cortex-m7 -g3 -DDEBUG -c -x assembler-with-cpp -MMD -MP -MF"Core/Startup/startup_stm32f746nghx.d" -MT"Core/Startup/startup_stm32f746nghx.o" --specs=nano.specs -mfpu=fpv5-sp-d16 -mfloat-abi=hard -mthumb -o "Core/Startup/startup_stm32f746nghx.o" "../Core/Startup/startup_stm32f746nghx.s"
arm-none-eabi-gcc "../Core/Src/main.c" -mcpu=cortex-m7 -std=gnu11 -g3 -DDEBUG -DUSE_HAL_DRIVER -DSTM32F746xx -c -I../Core/Inc -I../Drivers/STM32F7xx_HAL_Driver/Inc -I../Drivers/STM32F7xx_HAL_Driver/Inc/Legacy -I../Drivers/CMSIS/Device/ST/STM32F7xx/Include -I../Drivers/CMSIS/Include -O0 -ffunction-sections -fdata-sections -Wall -fstack-usage -fcyclomatic-complexity -MMD -MP -MF"Core/Src/main.d" -MT"Core/Src/main.o" --specs=nano.specs -mfpu=fpv5-sp-d16 -mfloat-abi=hard -mthumb -o "Core/Src/main.o"
arm-none-eabi-gcc "../Core/Src/stm32f7xx_hal_msp.c" -mcpu=cortex-m7 -std=gnu11 -g3 -DDEBUG -DUSE_HAL_DRIVER -DSTM32F746xx -c -I../Core/Inc -I../Drivers/STM32F7xx_HAL_Driver/Inc -I../Drivers/STM32F7xx_HAL_Driver/Inc/Legacy -I../Drivers/CMSIS/Device/ST/STM32F7xx/Include -I../Drivers/CMSIS/Include -O0 -ffunction-sections -fdata-sections -Wall -fstack-usage -fcyclomatic-complexity -MMD -MP -MF"Core/Src/stm32f7xx_hal_msp.d" -MT"Core/Src/stm32f7xx_hal_msp.o" --specs=nano.specs -mfpu=fpv5-sp-d16 -mfloat-abi=hard -mthumb -o "Core/Src/stm32f7xx_hal_msp.o"
arm-none-eabi-gcc "../Core/Src/stm32f7xx_it.c" -mcpu=cortex-m7 -std=gnu11 -g3 -DDEBUG -DUSE_HAL_DRIVER -DSTM32F746xx -c -I../Core/Inc -I../Drivers/STM32F7xx_HAL_Driver/Inc -I../Drivers/STM32F7xx_HAL_Driver/Inc/Legacy -I../Drivers/CMSIS/Device/ST/STM32F7xx/Include -I../Drivers/CMSIS/Include -O0 -ffunction-sections -fdata-sections -Wall -fstack-usage -fcyclomatic-complexity -MMD -MP -MF"Core/Src/stm32f7xx_it.d" -MT"Core/Src/stm32f7xx_it.o" --specs=nano.specs -mfpu=fpv5-sp-d16 -mfloat-abi=hard -mthumb -o "Core/Src/stm32f7xx_it.o"
arm-none-eabi-gcc "../Core/Src/syscalls.c" -mcpu=cortex-m7 -std=gnu11 -g3 -DDEBUG -DUSE_HAL_DRIVER -DSTM32F746xx -c -I../Core/Inc -I../Drivers/STM32F7xx_HAL_Driver/Inc -I../Drivers/STM32F7xx_HAL_Driver/Inc/Legacy -I../Drivers/CMSIS/Device/ST/STM32F7xx/Include -I../Drivers/CMSIS/Include -O0 -ffunction-sections -fdata-sections -Wall -fstack-usage -fcyclomatic-complexity -MMD -MP -MF"Core/Src/syscalls.d" -MT"Core/Src/syscalls.o" --specs=nano.specs -mfpu=fpv5-sp-d16 -mfloat-abi=hard -mthumb -o "Core/Src/syscalls.o"
arm-none-eabi-gcc "../Core/Src/sysmem.c" -mcpu=cortex-m7 -std=gnu11 -g3 -DDEBUG -DUSE_HAL_DRIVER -DSTM32F746xx -c -I../Core/Inc -I../Drivers/STM32F7xx_HAL_Driver/Inc -I../Drivers/STM32F7xx_HAL_Driver/Inc/Legacy -I../Drivers/CMSIS/Device/ST/STM32F7xx/Include -I../Drivers/CMSIS/Include -O0 -ffunction-sections -fdata-sections -Wall -fstack-usage -fcyclomatic-complexity -MMD -MP -MF"Core/Src/sysmem.d" -MT"Core/Src/sysmem.o" --specs=nano.specs -mfpu=fpv5-sp-d16 -mfloat-abi=hard -mthumb -o "Core/Src/sysmem.o"
arm-none-eabi-gcc "../Core/Src/system_stm32f7xx.c" -mcpu=cortex-m7 -std=gnu11 -g3 -DDEBUG -DUSE_HAL_DRIVER -DSTM32F746xx -c -I../Core/Inc -I../Drivers/STM32F7xx_HAL_Driver/Inc -I../Drivers/STM32F7xx_HAL_Driver/Inc/Legacy -I../Drivers/CMSIS/Device/ST/STM32F7xx/Include -I../Drivers/CMSIS/Include -O0 -ffunction-sections -fdata-sections -Wall -fstack-usage -fcyclomatic-complexity -MMD -MP -MF"Core/Src/system_stm32f7xx.d" -MT"Core/Src/system_stm32f7xx.o" --specs=nano.specs -mfpu=fpv5-sp-d16 -mfloat-abi=hard -mthumb -o "Core/Src/system_stm32f7xx.o"
arm-none-eabi-gcc -o "i2c_both_ram.elf" @"objects.list"   -mcpu=cortex-m7 -T"/home/invadl0640/Desktop/STM32 Codes/i2c_both_ram/STM32F746NGHX_FLASH.ld" --specs=nosys.specs -Wl,-Map="i2c_both_ram.map" -Wl,--gc-sections -static --specs=nano.specs -mfpu=fpv5-sp-d16 -mfloat-abi=hard -mthumb -Wl,--start-group -lc -lm -Wl,--end-group
Finished building target: i2c_both_ram.elf
 
arm-none-eabi-size  i2c_both_ram.elf 
arm-none-eabi-objdump -h -S i2c_both_ram.elf  > "i2c_both_ram.list"
   text	   data	    bss	    dec	    hex	filename
  11728	     24	   1680	  13432	   3478	i2c_both_ram.elf
Finished building: default.size.stdout
 
Finished building: i2c_both_ram.list
 
08:37:42 **** Incremental Build of configuration Debug for project i2c_both_ram ****
make -j12 all 
arm-none-eabi-size  i2c_both_ram.elf 
   text	   data	    bss	    dec	    hex	filename
  11728	     24	   1680	  13432	   3478	i2c_both_ram.elf
Finished building: default.size.stdout
 
08:37:48 **** Incremental Build of configuration Debug for project i2c_both_ram ****
make -j12 all 
arm-none-eabi-size  i2c_both_ram.elf 
   text	   data	    bss	    dec	    hex	filename
  11728	     24	   1680	  13432	   3478	i2c_both_ram.elf
Finished building: default.size.stdout
 
10:21:31 **** Incremental Build of configuration Debug for project i2c_applicationram ****
make -j12 all 
arm-none-eabi-size  i2c_applicationram.elf 
   text	   data	    bss	    dec	    hex	filename
  11800	     28	   1668	  13496	   34b8	i2c_applicationram.elf
Finished building: default.size.stdout
 
10:21:46 **** Incremental Build of configuration Debug for project I2C_test2 ****
make -j12 all 
arm-none-eabi-gcc "../Core/Src/main.c" -mcpu=cortex-m7 -std=gnu11 -g3 -DDEBUG -DUSE_HAL_DRIVER -DSTM32F746xx -c -I../Core/Inc -I../Drivers/STM32F7xx_HAL_Driver/Inc -I../Drivers/STM32F7xx_HAL_Driver/Inc/Legacy -I../Drivers/CMSIS/Device/ST/STM32F7xx/Include -I../Drivers/CMSIS/Include -O0 -ffunction-sections -fdata-sections -Wall -fstack-usage -fcyclomatic-complexity -MMD -MP -MF"Core/Src/main.d" -MT"Core/Src/main.o" --specs=nano.specs -mfpu=fpv5-sp-d16 -mfloat-abi=hard -mthumb -o "Core/Src/main.o"
arm-none-eabi-gcc -o "I2C_test2.elf" @"objects.list"   -mcpu=cortex-m7 -T"/home/invadl0640/Desktop/STM32 Codes/I2C_test2/STM32F746NGHX_FLASH.ld" --specs=nosys.specs -Wl,-Map="I2C_test2.map" -Wl,--gc-sections -static --specs=nano.specs -mfpu=fpv5-sp-d16 -mfloat-abi=hard -mthumb -Wl,--start-group -lc -lm -Wl,--end-group
Finished building target: I2C_test2.elf
 
arm-none-eabi-size  I2C_test2.elf 
arm-none-eabi-objdump -h -S I2C_test2.elf  > "I2C_test2.list"
   text	   data	    bss	    dec	    hex	filename
  11652	     20	   1660	  13332	   3414	I2C_test2.elf
Finished building: default.size.stdout
 
Finished building: I2C_test2.list
 
10:26:02 **** Incremental Build of configuration Debug for project i2c_both_ram ****
make -j12 all 
arm-none-eabi-gcc "../Core/Src/main.c" -mcpu=cortex-m7 -std=gnu11 -g3 -DDEBUG -DUSE_HAL_DRIVER -DSTM32F746xx -c -I../Core/Inc -I../Drivers/STM32F7xx_HAL_Driver/Inc -I../Drivers/STM32F7xx_HAL_Driver/Inc/Legacy -I../Drivers/CMSIS/Device/ST/STM32F7xx/Include -I../Drivers/CMSIS/Include -O0 -ffunction-sections -fdata-sections -Wall -fstack-usage -fcyclomatic-complexity -MMD -MP -MF"Core/Src/main.d" -MT"Core/Src/main.o" --specs=nano.specs -mfpu=fpv5-sp-d16 -mfloat-abi=hard -mthumb -o "Core/Src/main.o"
arm-none-eabi-gcc -o "i2c_both_ram.elf" @"objects.list"   -mcpu=cortex-m7 -T"/home/invadl0640/Desktop/STM32 Codes/i2c_both_ram/STM32F746NGHX_FLASH.ld" --specs=nosys.specs -Wl,-Map="i2c_both_ram.map" -Wl,--gc-sections -static --specs=nano.specs -mfpu=fpv5-sp-d16 -mfloat-abi=hard -mthumb -Wl,--start-group -lc -lm -Wl,--end-group
Finished building target: i2c_both_ram.elf
 
arm-none-eabi-size  i2c_both_ram.elf 
arm-none-eabi-objdump -h -S i2c_both_ram.elf  > "i2c_both_ram.list"
   text	   data	    bss	    dec	    hex	filename
  11728	     24	   1680	  13432	   3478	i2c_both_ram.elf
Finished building: default.size.stdout
 
Finished building: i2c_both_ram.list
 
10:26:18 **** Incremental Build of configuration Debug for project I2C_test2 ****
make -j12 all 
arm-none-eabi-size  I2C_test2.elf 
   text	   data	    bss	    dec	    hex	filename
  11652	     20	   1660	  13332	   3414	I2C_test2.elf
Finished building: default.size.stdout
 
10:27:17 **** Incremental Build of configuration Debug for project I2C_test2 ****
make -j12 all 
arm-none-eabi-size  I2C_test2.elf 
   text	   data	    bss	    dec	    hex	filename
  11652	     20	   1660	  13332	   3414	I2C_test2.elf
Finished building: default.size.stdout
 
10:29:29 **** Incremental Build of configuration Debug for project I2C_test2 ****
make -j12 all 
arm-none-eabi-size  I2C_test2.elf 
   text	   data	    bss	    dec	    hex	filename
  11652	     20	   1660	  13332	   3414	I2C_test2.elf
Finished building: default.size.stdout
 
10:31:42 **** Incremental Build of configuration Debug for project i2c_both_ram ****
make -j12 all 
arm-none-eabi-gcc "../Drivers/STM32F7xx_HAL_Driver/Src/stm32f7xx_hal.c" -mcpu=cortex-m7 -std=gnu11 -g3 -DDEBUG -DUSE_HAL_DRIVER -DSTM32F746xx -c -I../Core/Inc -I../Drivers/STM32F7xx_HAL_Driver/Inc -I../Drivers/STM32F7xx_HAL_Driver/Inc/Legacy -I../Drivers/CMSIS/Device/ST/STM32F7xx/Include -I../Drivers/CMSIS/Include -O0 -ffunction-sections -fdata-sections -Wall -fstack-usage -fcyclomatic-complexity -MMD -MP -MF"Drivers/STM32F7xx_HAL_Driver/Src/stm32f7xx_hal.d" -MT"Drivers/STM32F7xx_HAL_Driver/Src/stm32f7xx_hal.o" --specs=nano.specs -mfpu=fpv5-sp-d16 -mfloat-abi=hard -mthumb -o "Drivers/STM32F7xx_HAL_Driver/Src/stm32f7xx_hal.o"
arm-none-eabi-gcc "../Drivers/STM32F7xx_HAL_Driver/Src/stm32f7xx_hal_cortex.c" -mcpu=cortex-m7 -std=gnu11 -g3 -DDEBUG -DUSE_HAL_DRIVER -DSTM32F746xx -c -I../Core/Inc -I../Drivers/STM32F7xx_HAL_Driver/Inc -I../Drivers/STM32F7xx_HAL_Driver/Inc/Legacy -I../Drivers/CMSIS/Device/ST/STM32F7xx/Include -I../Drivers/CMSIS/Include -O0 -ffunction-sections -fdata-sections -Wall -fstack-usage -fcyclomatic-complexity -MMD -MP -MF"Drivers/STM32F7xx_HAL_Driver/Src/stm32f7xx_hal_cortex.d" -MT"Drivers/STM32F7xx_HAL_Driver/Src/stm32f7xx_hal_cortex.o" --specs=nano.specs -mfpu=fpv5-sp-d16 -mfloat-abi=hard -mthumb -o "Drivers/STM32F7xx_HAL_Driver/Src/stm32f7xx_hal_cortex.o"
arm-none-eabi-gcc "../Drivers/STM32F7xx_HAL_Driver/Src/stm32f7xx_hal_dma.c" -mcpu=cortex-m7 -std=gnu11 -g3 -DDEBUG -DUSE_HAL_DRIVER -DSTM32F746xx -c -I../Core/Inc -I../Drivers/STM32F7xx_HAL_Driver/Inc -I../Drivers/STM32F7xx_HAL_Driver/Inc/Legacy -I../Drivers/CMSIS/Device/ST/STM32F7xx/Include -I../Drivers/CMSIS/Include -O0 -ffunction-sections -fdata-sections -Wall -fstack-usage -fcyclomatic-complexity -MMD -MP -MF"Drivers/STM32F7xx_HAL_Driver/Src/stm32f7xx_hal_dma.d" -MT"Drivers/STM32F7xx_HAL_Driver/Src/stm32f7xx_hal_dma.o" --specs=nano.specs -mfpu=fpv5-sp-d16 -mfloat-abi=hard -mthumb -o "Drivers/STM32F7xx_HAL_Driver/Src/stm32f7xx_hal_dma.o"
arm-none-eabi-gcc "../Drivers/STM32F7xx_HAL_Driver/Src/stm32f7xx_hal_dma_ex.c" -mcpu=cortex-m7 -std=gnu11 -g3 -DDEBUG -DUSE_HAL_DRIVER -DSTM32F746xx -c -I../Core/Inc -I../Drivers/STM32F7xx_HAL_Driver/Inc -I../Drivers/STM32F7xx_HAL_Driver/Inc/Legacy -I../Drivers/CMSIS/Device/ST/STM32F7xx/Include -I../Drivers/CMSIS/Include -O0 -ffunction-sections -fdata-sections -Wall -fstack-usage -fcyclomatic-complexity -MMD -MP -MF"Drivers/STM32F7xx_HAL_Driver/Src/stm32f7xx_hal_dma_ex.d" -MT"Drivers/STM32F7xx_HAL_Driver/Src/stm32f7xx_hal_dma_ex.o" --specs=nano.specs -mfpu=fpv5-sp-d16 -mfloat-abi=hard -mthumb -o "Drivers/STM32F7xx_HAL_Driver/Src/stm32f7xx_hal_dma_ex.o"
arm-none-eabi-gcc "../Drivers/STM32F7xx_HAL_Driver/Src/stm32f7xx_hal_exti.c" -mcpu=cortex-m7 -std=gnu11 -g3 -DDEBUG -DUSE_HAL_DRIVER -DSTM32F746xx -c -I../Core/Inc -I../Drivers/STM32F7xx_HAL_Driver/Inc -I../Drivers/STM32F7xx_HAL_Driver/Inc/Legacy -I../Drivers/CMSIS/Device/ST/STM32F7xx/Include -I../Drivers/CMSIS/Include -O0 -ffunction-sections -fdata-sections -Wall -fstack-usage -fcyclomatic-complexity -MMD -MP -MF"Drivers/STM32F7xx_HAL_Driver/Src/stm32f7xx_hal_exti.d" -MT"Drivers/STM32F7xx_HAL_Driver/Src/stm32f7xx_hal_exti.o" --specs=nano.specs -mfpu=fpv5-sp-d16 -mfloat-abi=hard -mthumb -o "Drivers/STM32F7xx_HAL_Driver/Src/stm32f7xx_hal_exti.o"
arm-none-eabi-gcc "../Drivers/STM32F7xx_HAL_Driver/Src/stm32f7xx_hal_flash.c" -mcpu=cortex-m7 -std=gnu11 -g3 -DDEBUG -DUSE_HAL_DRIVER -DSTM32F746xx -c -I../Core/Inc -I../Drivers/STM32F7xx_HAL_Driver/Inc -I../Drivers/STM32F7xx_HAL_Driver/Inc/Legacy -I../Drivers/CMSIS/Device/ST/STM32F7xx/Include -I../Drivers/CMSIS/Include -O0 -ffunction-sections -fdata-sections -Wall -fstack-usage -fcyclomatic-complexity -MMD -MP -MF"Drivers/STM32F7xx_HAL_Driver/Src/stm32f7xx_hal_flash.d" -MT"Drivers/STM32F7xx_HAL_Driver/Src/stm32f7xx_hal_flash.o" --specs=nano.specs -mfpu=fpv5-sp-d16 -mfloat-abi=hard -mthumb -o "Drivers/STM32F7xx_HAL_Driver/Src/stm32f7xx_hal_flash.o"
arm-none-eabi-gcc "../Drivers/STM32F7xx_HAL_Driver/Src/stm32f7xx_hal_flash_ex.c" -mcpu=cortex-m7 -std=gnu11 -g3 -DDEBUG -DUSE_HAL_DRIVER -DSTM32F746xx -c -I../Core/Inc -I../Drivers/STM32F7xx_HAL_Driver/Inc -I../Drivers/STM32F7xx_HAL_Driver/Inc/Legacy -I../Drivers/CMSIS/Device/ST/STM32F7xx/Include -I../Drivers/CMSIS/Include -O0 -ffunction-sections -fdata-sections -Wall -fstack-usage -fcyclomatic-complexity -MMD -MP -MF"Drivers/STM32F7xx_HAL_Driver/Src/stm32f7xx_hal_flash_ex.d" -MT"Drivers/STM32F7xx_HAL_Driver/Src/stm32f7xx_hal_flash_ex.o" --specs=nano.specs -mfpu=fpv5-sp-d16 -mfloat-abi=hard -mthumb -o "Drivers/STM32F7xx_HAL_Driver/Src/stm32f7xx_hal_flash_ex.o"
arm-none-eabi-gcc "../Drivers/STM32F7xx_HAL_Driver/Src/stm32f7xx_hal_gpio.c" -mcpu=cortex-m7 -std=gnu11 -g3 -DDEBUG -DUSE_HAL_DRIVER -DSTM32F746xx -c -I../Core/Inc -I../Drivers/STM32F7xx_HAL_Driver/Inc -I../Drivers/STM32F7xx_HAL_Driver/Inc/Legacy -I../Drivers/CMSIS/Device/ST/STM32F7xx/Include -I../Drivers/CMSIS/Include -O0 -ffunction-sections -fdata-sections -Wall -fstack-usage -fcyclomatic-complexity -MMD -MP -MF"Drivers/STM32F7xx_HAL_Driver/Src/stm32f7xx_hal_gpio.d" -MT"Drivers/STM32F7xx_HAL_Driver/Src/stm32f7xx_hal_gpio.o" --specs=nano.specs -mfpu=fpv5-sp-d16 -mfloat-abi=hard -mthumb -o "Drivers/STM32F7xx_HAL_Driver/Src/stm32f7xx_hal_gpio.o"
arm-none-eabi-gcc "../Drivers/STM32F7xx_HAL_Driver/Src/stm32f7xx_hal_i2c.c" -mcpu=cortex-m7 -std=gnu11 -g3 -DDEBUG -DUSE_HAL_DRIVER -DSTM32F746xx -c -I../Core/Inc -I../Drivers/STM32F7xx_HAL_Driver/Inc -I../Drivers/STM32F7xx_HAL_Driver/Inc/Legacy -I../Drivers/CMSIS/Device/ST/STM32F7xx/Include -I../Drivers/CMSIS/Include -O0 -ffunction-sections -fdata-sections -Wall -fstack-usage -fcyclomatic-complexity -MMD -MP -MF"Drivers/STM32F7xx_HAL_Driver/Src/stm32f7xx_hal_i2c.d" -MT"Drivers/STM32F7xx_HAL_Driver/Src/stm32f7xx_hal_i2c.o" --specs=nano.specs -mfpu=fpv5-sp-d16 -mfloat-abi=hard -mthumb -o "Drivers/STM32F7xx_HAL_Driver/Src/stm32f7xx_hal_i2c.o"
arm-none-eabi-gcc "../Drivers/STM32F7xx_HAL_Driver/Src/stm32f7xx_hal_i2c_ex.c" -mcpu=cortex-m7 -std=gnu11 -g3 -DDEBUG -DUSE_HAL_DRIVER -DSTM32F746xx -c -I../Core/Inc -I../Drivers/STM32F7xx_HAL_Driver/Inc -I../Drivers/STM32F7xx_HAL_Driver/Inc/Legacy -I../Drivers/CMSIS/Device/ST/STM32F7xx/Include -I../Drivers/CMSIS/Include -O0 -ffunction-sections -fdata-sections -Wall -fstack-usage -fcyclomatic-complexity -MMD -MP -MF"Drivers/STM32F7xx_HAL_Driver/Src/stm32f7xx_hal_i2c_ex.d" -MT"Drivers/STM32F7xx_HAL_Driver/Src/stm32f7xx_hal_i2c_ex.o" --specs=nano.specs -mfpu=fpv5-sp-d16 -mfloat-abi=hard -mthumb -o "Drivers/STM32F7xx_HAL_Driver/Src/stm32f7xx_hal_i2c_ex.o"
arm-none-eabi-gcc "../Drivers/STM32F7xx_HAL_Driver/Src/stm32f7xx_hal_pwr.c" -mcpu=cortex-m7 -std=gnu11 -g3 -DDEBUG -DUSE_HAL_DRIVER -DSTM32F746xx -c -I../Core/Inc -I../Drivers/STM32F7xx_HAL_Driver/Inc -I../Drivers/STM32F7xx_HAL_Driver/Inc/Legacy -I../Drivers/CMSIS/Device/ST/STM32F7xx/Include -I../Drivers/CMSIS/Include -O0 -ffunction-sections -fdata-sections -Wall -fstack-usage -fcyclomatic-complexity -MMD -MP -MF"Drivers/STM32F7xx_HAL_Driver/Src/stm32f7xx_hal_pwr.d" -MT"Drivers/STM32F7xx_HAL_Driver/Src/stm32f7xx_hal_pwr.o" --specs=nano.specs -mfpu=fpv5-sp-d16 -mfloat-abi=hard -mthumb -o "Drivers/STM32F7xx_HAL_Driver/Src/stm32f7xx_hal_pwr.o"
arm-none-eabi-gcc "../Drivers/STM32F7xx_HAL_Driver/Src/stm32f7xx_hal_pwr_ex.c" -mcpu=cortex-m7 -std=gnu11 -g3 -DDEBUG -DUSE_HAL_DRIVER -DSTM32F746xx -c -I../Core/Inc -I../Drivers/STM32F7xx_HAL_Driver/Inc -I../Drivers/STM32F7xx_HAL_Driver/Inc/Legacy -I../Drivers/CMSIS/Device/ST/STM32F7xx/Include -I../Drivers/CMSIS/Include -O0 -ffunction-sections -fdata-sections -Wall -fstack-usage -fcyclomatic-complexity -MMD -MP -MF"Drivers/STM32F7xx_HAL_Driver/Src/stm32f7xx_hal_pwr_ex.d" -MT"Drivers/STM32F7xx_HAL_Driver/Src/stm32f7xx_hal_pwr_ex.o" --specs=nano.specs -mfpu=fpv5-sp-d16 -mfloat-abi=hard -mthumb -o "Drivers/STM32F7xx_HAL_Driver/Src/stm32f7xx_hal_pwr_ex.o"
arm-none-eabi-gcc "../Drivers/STM32F7xx_HAL_Driver/Src/stm32f7xx_hal_rcc.c" -mcpu=cortex-m7 -std=gnu11 -g3 -DDEBUG -DUSE_HAL_DRIVER -DSTM32F746xx -c -I../Core/Inc -I../Drivers/STM32F7xx_HAL_Driver/Inc -I../Drivers/STM32F7xx_HAL_Driver/Inc/Legacy -I../Drivers/CMSIS/Device/ST/STM32F7xx/Include -I../Drivers/CMSIS/Include -O0 -ffunction-sections -fdata-sections -Wall -fstack-usage -fcyclomatic-complexity -MMD -MP -MF"Drivers/STM32F7xx_HAL_Driver/Src/stm32f7xx_hal_rcc.d" -MT"Drivers/STM32F7xx_HAL_Driver/Src/stm32f7xx_hal_rcc.o" --specs=nano.specs -mfpu=fpv5-sp-d16 -mfloat-abi=hard -mthumb -o "Drivers/STM32F7xx_HAL_Driver/Src/stm32f7xx_hal_rcc.o"
arm-none-eabi-gcc "../Drivers/STM32F7xx_HAL_Driver/Src/stm32f7xx_hal_rcc_ex.c" -mcpu=cortex-m7 -std=gnu11 -g3 -DDEBUG -DUSE_HAL_DRIVER -DSTM32F746xx -c -I../Core/Inc -I../Drivers/STM32F7xx_HAL_Driver/Inc -I../Drivers/STM32F7xx_HAL_Driver/Inc/Legacy -I../Drivers/CMSIS/Device/ST/STM32F7xx/Include -I../Drivers/CMSIS/Include -O0 -ffunction-sections -fdata-sections -Wall -fstack-usage -fcyclomatic-complexity -MMD -MP -MF"Drivers/STM32F7xx_HAL_Driver/Src/stm32f7xx_hal_rcc_ex.d" -MT"Drivers/STM32F7xx_HAL_Driver/Src/stm32f7xx_hal_rcc_ex.o" --specs=nano.specs -mfpu=fpv5-sp-d16 -mfloat-abi=hard -mthumb -o "Drivers/STM32F7xx_HAL_Driver/Src/stm32f7xx_hal_rcc_ex.o"
arm-none-eabi-gcc "../Core/Src/main.c" -mcpu=cortex-m7 -std=gnu11 -g3 -DDEBUG -DUSE_HAL_DRIVER -DSTM32F746xx -c -I../Core/Inc -I../Drivers/STM32F7xx_HAL_Driver/Inc -I../Drivers/STM32F7xx_HAL_Driver/Inc/Legacy -I../Drivers/CMSIS/Device/ST/STM32F7xx/Include -I../Drivers/CMSIS/Include -O0 -ffunction-sections -fdata-sections -Wall -fstack-usage -fcyclomatic-complexity -MMD -MP -MF"Core/Src/main.d" -MT"Core/Src/main.o" --specs=nano.specs -mfpu=fpv5-sp-d16 -mfloat-abi=hard -mthumb -o "Core/Src/main.o"
arm-none-eabi-gcc "../Core/Src/stm32f7xx_hal_msp.c" -mcpu=cortex-m7 -std=gnu11 -g3 -DDEBUG -DUSE_HAL_DRIVER -DSTM32F746xx -c -I../Core/Inc -I../Drivers/STM32F7xx_HAL_Driver/Inc -I../Drivers/STM32F7xx_HAL_Driver/Inc/Legacy -I../Drivers/CMSIS/Device/ST/STM32F7xx/Include -I../Drivers/CMSIS/Include -O0 -ffunction-sections -fdata-sections -Wall -fstack-usage -fcyclomatic-complexity -MMD -MP -MF"Core/Src/stm32f7xx_hal_msp.d" -MT"Core/Src/stm32f7xx_hal_msp.o" --specs=nano.specs -mfpu=fpv5-sp-d16 -mfloat-abi=hard -mthumb -o "Core/Src/stm32f7xx_hal_msp.o"
arm-none-eabi-gcc "../Core/Src/stm32f7xx_it.c" -mcpu=cortex-m7 -std=gnu11 -g3 -DDEBUG -DUSE_HAL_DRIVER -DSTM32F746xx -c -I../Core/Inc -I../Drivers/STM32F7xx_HAL_Driver/Inc -I../Drivers/STM32F7xx_HAL_Driver/Inc/Legacy -I../Drivers/CMSIS/Device/ST/STM32F7xx/Include -I../Drivers/CMSIS/Include -O0 -ffunction-sections -fdata-sections -Wall -fstack-usage -fcyclomatic-complexity -MMD -MP -MF"Core/Src/stm32f7xx_it.d" -MT"Core/Src/stm32f7xx_it.o" --specs=nano.specs -mfpu=fpv5-sp-d16 -mfloat-abi=hard -mthumb -o "Core/Src/stm32f7xx_it.o"
arm-none-eabi-gcc "../Core/Src/system_stm32f7xx.c" -mcpu=cortex-m7 -std=gnu11 -g3 -DDEBUG -DUSE_HAL_DRIVER -DSTM32F746xx -c -I../Core/Inc -I../Drivers/STM32F7xx_HAL_Driver/Inc -I../Drivers/STM32F7xx_HAL_Driver/Inc/Legacy -I../Drivers/CMSIS/Device/ST/STM32F7xx/Include -I../Drivers/CMSIS/Include -O0 -ffunction-sections -fdata-sections -Wall -fstack-usage -fcyclomatic-complexity -MMD -MP -MF"Core/Src/system_stm32f7xx.d" -MT"Core/Src/system_stm32f7xx.o" --specs=nano.specs -mfpu=fpv5-sp-d16 -mfloat-abi=hard -mthumb -o "Core/Src/system_stm32f7xx.o"
../Core/Src/main.c: In function 'main':
../Core/Src/main.c:147:15: warning: implicit declaration of function 'memcmp' [-Wimplicit-function-declaration]
  147 |           if (memcmp(writeData, readData, sizeof(writeData)) == 0)
      |               ^~~~~~
../Core/Src/main.c:21:1: note: include '<string.h>' or provide a declaration of 'memcmp'
   20 | #include "main.h"
  +++ |+#include <string.h>
   21 | 
arm-none-eabi-gcc -o "i2c_both_ram.elf" @"objects.list"   -mcpu=cortex-m7 -T"/home/invadl0640/Desktop/STM32 Codes/i2c_both_ram/STM32F746NGHX_FLASH.ld" --specs=nosys.specs -Wl,-Map="i2c_both_ram.map" -Wl,--gc-sections -static --specs=nano.specs -mfpu=fpv5-sp-d16 -mfloat-abi=hard -mthumb -Wl,--start-group -lc -lm -Wl,--end-group
Finished building target: i2c_both_ram.elf
 
arm-none-eabi-size  i2c_both_ram.elf 
arm-none-eabi-objdump -h -S i2c_both_ram.elf  > "i2c_both_ram.list"
   text	   data	    bss	    dec	    hex	filename
  11900	     24	   1680	  13604	   3524	i2c_both_ram.elf
Finished building: default.size.stdout
 
Finished building: i2c_both_ram.list
 
10:32:01 **** Incremental Build of configuration Debug for project i2c_both_ram ****
make -j12 all 
arm-none-eabi-size  i2c_both_ram.elf 
   text	   data	    bss	    dec	    hex	filename
  11900	     24	   1680	  13604	   3524	i2c_both_ram.elf
Finished building: default.size.stdout
 
10:32:15 **** Incremental Build of configuration Debug for project I2C_test2 ****
make -j12 all 
arm-none-eabi-size  I2C_test2.elf 
   text	   data	    bss	    dec	    hex	filename
  11652	     20	   1660	  13332	   3414	I2C_test2.elf
Finished building: default.size.stdout
 
10:32:45 **** Incremental Build of configuration Debug for project I2C_test2 ****
make -j12 all 
arm-none-eabi-size  I2C_test2.elf 
   text	   data	    bss	    dec	    hex	filename
  11652	     20	   1660	  13332	   3414	I2C_test2.elf
Finished building: default.size.stdout
 
10:41:46 **** Build of configuration Debug for project i2c_both_ram ****
make -j12 all 
arm-none-eabi-size  i2c_both_ram.elf 
   text	   data	    bss	    dec	    hex	filename
  11900	     24	   1680	  13604	   3524	i2c_both_ram.elf
Finished building: default.size.stdout
 
10:43:13 **** Incremental Build of configuration Debug for project i2c_both_ram ****
make -j12 all 
arm-none-eabi-size  i2c_both_ram.elf 
   text	   data	    bss	    dec	    hex	filename
  11900	     24	   1680	  13604	   3524	i2c_both_ram.elf
Finished building: default.size.stdout
 
10:48:00 **** Incremental Build of configuration Debug for project i2c_both_ram ****
make -j12 all 
arm-none-eabi-gcc "../Core/Src/main.c" -mcpu=cortex-m7 -std=gnu11 -g3 -DDEBUG -DUSE_HAL_DRIVER -DSTM32F746xx -c -I../Core/Inc -I../Drivers/STM32F7xx_HAL_Driver/Inc -I../Drivers/STM32F7xx_HAL_Driver/Inc/Legacy -I../Drivers/CMSIS/Device/ST/STM32F7xx/Include -I../Drivers/CMSIS/Include -O0 -ffunction-sections -fdata-sections -Wall -fstack-usage -fcyclomatic-complexity -MMD -MP -MF"Core/Src/main.d" -MT"Core/Src/main.o" --specs=nano.specs -mfpu=fpv5-sp-d16 -mfloat-abi=hard -mthumb -o "Core/Src/main.o"
../Core/Src/main.c: In function 'main':
../Core/Src/main.c:147:15: warning: implicit declaration of function 'memcmp' [-Wimplicit-function-declaration]
  147 |           if (memcmp(writeData, readData, sizeof(writeData)) == 0)
      |               ^~~~~~
../Core/Src/main.c:21:1: note: include '<string.h>' or provide a declaration of 'memcmp'
   20 | #include "main.h"
  +++ |+#include <string.h>
   21 | 
arm-none-eabi-gcc -o "i2c_both_ram.elf" @"objects.list"   -mcpu=cortex-m7 -T"/home/invadl0640/Desktop/STM32 Codes/i2c_both_ram/STM32F746NGHX_FLASH.ld" --specs=nosys.specs -Wl,-Map="i2c_both_ram.map" -Wl,--gc-sections -static --specs=nano.specs -mfpu=fpv5-sp-d16 -mfloat-abi=hard -mthumb -Wl,--start-group -lc -lm -Wl,--end-group
Finished building target: i2c_both_ram.elf
 
arm-none-eabi-size  i2c_both_ram.elf 
arm-none-eabi-objdump -h -S i2c_both_ram.elf  > "i2c_both_ram.list"
   text	   data	    bss	    dec	    hex	filename
  11908	     24	   1680	  13612	   352c	i2c_both_ram.elf
Finished building: default.size.stdout
 
Finished building: i2c_both_ram.list
 
10:48:05 **** Incremental Build of configuration Debug for project i2c_both_ram ****
make -j12 all 
arm-none-eabi-size  i2c_both_ram.elf 
   text	   data	    bss	    dec	    hex	filename
  11908	     24	   1680	  13612	   352c	i2c_both_ram.elf
Finished building: default.size.stdout
 
11:44:37 **** Build of configuration Debug for project i2c_applicationram ****
make -j12 all 
arm-none-eabi-gcc "../Core/Src/main.c" -mcpu=cortex-m7 -std=gnu11 -g3 -DDEBUG -DUSE_HAL_DRIVER -DSTM32F746xx -c -I../Core/Inc -I../Drivers/STM32F7xx_HAL_Driver/Inc -I../Drivers/STM32F7xx_HAL_Driver/Inc/Legacy -I../Drivers/CMSIS/Device/ST/STM32F7xx/Include -I../Drivers/CMSIS/Include -O0 -ffunction-sections -fdata-sections -Wall -fstack-usage -fcyclomatic-complexity -MMD -MP -MF"Core/Src/main.d" -MT"Core/Src/main.o" --specs=nano.specs -mfpu=fpv5-sp-d16 -mfloat-abi=hard -mthumb -o "Core/Src/main.o"
arm-none-eabi-gcc -o "i2c_applicationram.elf" @"objects.list"   -mcpu=cortex-m7 -T"/home/invadl0640/Desktop/STM32 Codes/i2c_applicationram/STM32F746NGHX_FLASH.ld" --specs=nosys.specs -Wl,-Map="i2c_applicationram.map" -Wl,--gc-sections -static --specs=nano.specs -mfpu=fpv5-sp-d16 -mfloat-abi=hard -mthumb -Wl,--start-group -lc -lm -Wl,--end-group
Finished building target: i2c_applicationram.elf
 
arm-none-eabi-size  i2c_applicationram.elf 
arm-none-eabi-objdump -h -S i2c_applicationram.elf  > "i2c_applicationram.list"
   text	   data	    bss	    dec	    hex	filename
  11800	     28	   1668	  13496	   34b8	i2c_applicationram.elf
Finished building: default.size.stdout
 
Finished building: i2c_applicationram.list
 
11:56:25 **** Incremental Build of configuration Debug for project i2c_applicationram ****
make -j12 all 
arm-none-eabi-size  i2c_applicationram.elf 
   text	   data	    bss	    dec	    hex	filename
  11800	     28	   1668	  13496	   34b8	i2c_applicationram.elf
Finished building: default.size.stdout
 
11:56:30 **** Incremental Build of configuration Debug for project i2c_both_ram ****
make -j12 all 
arm-none-eabi-size  i2c_both_ram.elf 
   text	   data	    bss	    dec	    hex	filename
  11908	     24	   1680	  13612	   352c	i2c_both_ram.elf
Finished building: default.size.stdout
 
11:57:09 **** Incremental Build of configuration Debug for project i2c_both_ram ****
make -j12 all 
arm-none-eabi-size  i2c_both_ram.elf 
   text	   data	    bss	    dec	    hex	filename
  11908	     24	   1680	  13612	   352c	i2c_both_ram.elf
Finished building: default.size.stdout
 
11:58:16 **** Incremental Build of configuration Debug for project i2c_applicationram ****
make -j12 all 
arm-none-eabi-gcc "../Core/Src/main.c" -mcpu=cortex-m7 -std=gnu11 -g3 -DDEBUG -DUSE_HAL_DRIVER -DSTM32F746xx -c -I../Core/Inc -I../Drivers/STM32F7xx_HAL_Driver/Inc -I../Drivers/STM32F7xx_HAL_Driver/Inc/Legacy -I../Drivers/CMSIS/Device/ST/STM32F7xx/Include -I../Drivers/CMSIS/Include -O0 -ffunction-sections -fdata-sections -Wall -fstack-usage -fcyclomatic-complexity -MMD -MP -MF"Core/Src/main.d" -MT"Core/Src/main.o" --specs=nano.specs -mfpu=fpv5-sp-d16 -mfloat-abi=hard -mthumb -o "Core/Src/main.o"
arm-none-eabi-gcc -o "i2c_applicationram.elf" @"objects.list"   -mcpu=cortex-m7 -T"/home/invadl0640/Desktop/STM32 Codes/i2c_applicationram/STM32F746NGHX_FLASH.ld" --specs=nosys.specs -Wl,-Map="i2c_applicationram.map" -Wl,--gc-sections -static --specs=nano.specs -mfpu=fpv5-sp-d16 -mfloat-abi=hard -mthumb -Wl,--start-group -lc -lm -Wl,--end-group
Finished building target: i2c_applicationram.elf
 
arm-none-eabi-size  i2c_applicationram.elf 
arm-none-eabi-objdump -h -S i2c_applicationram.elf  > "i2c_applicationram.list"
   text	   data	    bss	    dec	    hex	filename
  11800	     28	   1668	  13496	   34b8	i2c_applicationram.elf
Finished building: default.size.stdout
 
Finished building: i2c_applicationram.list
 
11:58:27 **** Incremental Build of configuration Debug for project i2c_both_ram ****
make -j12 all 
arm-none-eabi-size  i2c_both_ram.elf 
   text	   data	    bss	    dec	    hex	filename
  11908	     24	   1680	  13612	   352c	i2c_both_ram.elf
Finished building: default.size.stdout
 
12:07:54 **** Incremental Build of configuration Debug for project i2c_applicationram ****
make -j12 all 
arm-none-eabi-gcc "../Core/Src/main.c" -mcpu=cortex-m7 -std=gnu11 -g3 -DDEBUG -DUSE_HAL_DRIVER -DSTM32F746xx -c -I../Core/Inc -I../Drivers/STM32F7xx_HAL_Driver/Inc -I../Drivers/STM32F7xx_HAL_Driver/Inc/Legacy -I../Drivers/CMSIS/Device/ST/STM32F7xx/Include -I../Drivers/CMSIS/Include -O0 -ffunction-sections -fdata-sections -Wall -fstack-usage -fcyclomatic-complexity -MMD -MP -MF"Core/Src/main.d" -MT"Core/Src/main.o" --specs=nano.specs -mfpu=fpv5-sp-d16 -mfloat-abi=hard -mthumb -o "Core/Src/main.o"
arm-none-eabi-gcc -o "i2c_applicationram.elf" @"objects.list"   -mcpu=cortex-m7 -T"/home/invadl0640/Desktop/STM32 Codes/i2c_applicationram/STM32F746NGHX_FLASH.ld" --specs=nosys.specs -Wl,-Map="i2c_applicationram.map" -Wl,--gc-sections -static --specs=nano.specs -mfpu=fpv5-sp-d16 -mfloat-abi=hard -mthumb -Wl,--start-group -lc -lm -Wl,--end-group
Finished building target: i2c_applicationram.elf
 
arm-none-eabi-size  i2c_applicationram.elf 
arm-none-eabi-objdump -h -S i2c_applicationram.elf  > "i2c_applicationram.list"
   text	   data	    bss	    dec	    hex	filename
  11800	     28	   1668	  13496	   34b8	i2c_applicationram.elf
Finished building: default.size.stdout
 
Finished building: i2c_applicationram.list
 
12:08:00 **** Incremental Build of configuration Debug for project i2c_both_ram ****
make -j12 all 
arm-none-eabi-size  i2c_both_ram.elf 
   text	   data	    bss	    dec	    hex	filename
  11908	     24	   1680	  13612	   352c	i2c_both_ram.elf
Finished building: default.size.stdout
 
12:08:22 **** Incremental Build of configuration Debug for project i2c_both_ram ****
make -j12 all 
arm-none-eabi-size  i2c_both_ram.elf 
   text	   data	    bss	    dec	    hex	filename
  11908	     24	   1680	  13612	   352c	i2c_both_ram.elf
Finished building: default.size.stdout
 
12:08:40 **** Incremental Build of configuration Debug for project i2c_applicationram ****
make -j12 all 
arm-none-eabi-size  i2c_applicationram.elf 
   text	   data	    bss	    dec	    hex	filename
  11800	     28	   1668	  13496	   34b8	i2c_applicationram.elf
Finished building: default.size.stdout
 
12:08:47 **** Incremental Build of configuration Debug for project i2c_both_ram ****
make -j12 all 
arm-none-eabi-size  i2c_both_ram.elf 
   text	   data	    bss	    dec	    hex	filename
  11908	     24	   1680	  13612	   352c	i2c_both_ram.elf
Finished building: default.size.stdout
 
12:09:23 **** Incremental Build of configuration Debug for project i2c_applicationram ****
make -j12 all 
arm-none-eabi-gcc "../Core/Src/main.c" -mcpu=cortex-m7 -std=gnu11 -g3 -DDEBUG -DUSE_HAL_DRIVER -DSTM32F746xx -c -I../Core/Inc -I../Drivers/STM32F7xx_HAL_Driver/Inc -I../Drivers/STM32F7xx_HAL_Driver/Inc/Legacy -I../Drivers/CMSIS/Device/ST/STM32F7xx/Include -I../Drivers/CMSIS/Include -O0 -ffunction-sections -fdata-sections -Wall -fstack-usage -fcyclomatic-complexity -MMD -MP -MF"Core/Src/main.d" -MT"Core/Src/main.o" --specs=nano.specs -mfpu=fpv5-sp-d16 -mfloat-abi=hard -mthumb -o "Core/Src/main.o"
arm-none-eabi-gcc -o "i2c_applicationram.elf" @"objects.list"   -mcpu=cortex-m7 -T"/home/invadl0640/Desktop/STM32 Codes/i2c_applicationram/STM32F746NGHX_FLASH.ld" --specs=nosys.specs -Wl,-Map="i2c_applicationram.map" -Wl,--gc-sections -static --specs=nano.specs -mfpu=fpv5-sp-d16 -mfloat-abi=hard -mthumb -Wl,--start-group -lc -lm -Wl,--end-group
Finished building target: i2c_applicationram.elf
 
arm-none-eabi-size  i2c_applicationram.elf 
arm-none-eabi-objdump -h -S i2c_applicationram.elf  > "i2c_applicationram.list"
   text	   data	    bss	    dec	    hex	filename
  11800	     28	   1668	  13496	   34b8	i2c_applicationram.elf
Finished building: default.size.stdout
 
Finished building: i2c_applicationram.list
 
12:09:32 **** Incremental Build of configuration Debug for project i2c_both_ram ****
make -j12 all 
arm-none-eabi-size  i2c_both_ram.elf 
   text	   data	    bss	    dec	    hex	filename
  11908	     24	   1680	  13612	   352c	i2c_both_ram.elf
Finished building: default.size.stdout
 
13:48:03 **** Build of configuration Debug for project i2c_baremetal ****
make -j12 all 
arm-none-eabi-gcc "../Drivers/STM32F7xx_HAL_Driver/Src/stm32f7xx_hal.c" -mcpu=cortex-m7 -std=gnu11 -g3 -DDEBUG -DUSE_HAL_DRIVER -DSTM32F746xx -c -I../Core/Inc -I../Drivers/STM32F7xx_HAL_Driver/Inc -I../Drivers/STM32F7xx_HAL_Driver/Inc/Legacy -I../Drivers/CMSIS/Device/ST/STM32F7xx/Include -I../Drivers/CMSIS/Include -O0 -ffunction-sections -fdata-sections -Wall -fstack-usage -fcyclomatic-complexity -MMD -MP -MF"Drivers/STM32F7xx_HAL_Driver/Src/stm32f7xx_hal.d" -MT"Drivers/STM32F7xx_HAL_Driver/Src/stm32f7xx_hal.o" --specs=nano.specs -mfpu=fpv5-sp-d16 -mfloat-abi=hard -mthumb -o "Drivers/STM32F7xx_HAL_Driver/Src/stm32f7xx_hal.o"
arm-none-eabi-gcc "../Drivers/STM32F7xx_HAL_Driver/Src/stm32f7xx_hal_cortex.c" -mcpu=cortex-m7 -std=gnu11 -g3 -DDEBUG -DUSE_HAL_DRIVER -DSTM32F746xx -c -I../Core/Inc -I../Drivers/STM32F7xx_HAL_Driver/Inc -I../Drivers/STM32F7xx_HAL_Driver/Inc/Legacy -I../Drivers/CMSIS/Device/ST/STM32F7xx/Include -I../Drivers/CMSIS/Include -O0 -ffunction-sections -fdata-sections -Wall -fstack-usage -fcyclomatic-complexity -MMD -MP -MF"Drivers/STM32F7xx_HAL_Driver/Src/stm32f7xx_hal_cortex.d" -MT"Drivers/STM32F7xx_HAL_Driver/Src/stm32f7xx_hal_cortex.o" --specs=nano.specs -mfpu=fpv5-sp-d16 -mfloat-abi=hard -mthumb -o "Drivers/STM32F7xx_HAL_Driver/Src/stm32f7xx_hal_cortex.o"
arm-none-eabi-gcc "../Drivers/STM32F7xx_HAL_Driver/Src/stm32f7xx_hal_dma.c" -mcpu=cortex-m7 -std=gnu11 -g3 -DDEBUG -DUSE_HAL_DRIVER -DSTM32F746xx -c -I../Core/Inc -I../Drivers/STM32F7xx_HAL_Driver/Inc -I../Drivers/STM32F7xx_HAL_Driver/Inc/Legacy -I../Drivers/CMSIS/Device/ST/STM32F7xx/Include -I../Drivers/CMSIS/Include -O0 -ffunction-sections -fdata-sections -Wall -fstack-usage -fcyclomatic-complexity -MMD -MP -MF"Drivers/STM32F7xx_HAL_Driver/Src/stm32f7xx_hal_dma.d" -MT"Drivers/STM32F7xx_HAL_Driver/Src/stm32f7xx_hal_dma.o" --specs=nano.specs -mfpu=fpv5-sp-d16 -mfloat-abi=hard -mthumb -o "Drivers/STM32F7xx_HAL_Driver/Src/stm32f7xx_hal_dma.o"
arm-none-eabi-gcc "../Drivers/STM32F7xx_HAL_Driver/Src/stm32f7xx_hal_dma_ex.c" -mcpu=cortex-m7 -std=gnu11 -g3 -DDEBUG -DUSE_HAL_DRIVER -DSTM32F746xx -c -I../Core/Inc -I../Drivers/STM32F7xx_HAL_Driver/Inc -I../Drivers/STM32F7xx_HAL_Driver/Inc/Legacy -I../Drivers/CMSIS/Device/ST/STM32F7xx/Include -I../Drivers/CMSIS/Include -O0 -ffunction-sections -fdata-sections -Wall -fstack-usage -fcyclomatic-complexity -MMD -MP -MF"Drivers/STM32F7xx_HAL_Driver/Src/stm32f7xx_hal_dma_ex.d" -MT"Drivers/STM32F7xx_HAL_Driver/Src/stm32f7xx_hal_dma_ex.o" --specs=nano.specs -mfpu=fpv5-sp-d16 -mfloat-abi=hard -mthumb -o "Drivers/STM32F7xx_HAL_Driver/Src/stm32f7xx_hal_dma_ex.o"
arm-none-eabi-gcc "../Drivers/STM32F7xx_HAL_Driver/Src/stm32f7xx_hal_exti.c" -mcpu=cortex-m7 -std=gnu11 -g3 -DDEBUG -DUSE_HAL_DRIVER -DSTM32F746xx -c -I../Core/Inc -I../Drivers/STM32F7xx_HAL_Driver/Inc -I../Drivers/STM32F7xx_HAL_Driver/Inc/Legacy -I../Drivers/CMSIS/Device/ST/STM32F7xx/Include -I../Drivers/CMSIS/Include -O0 -ffunction-sections -fdata-sections -Wall -fstack-usage -fcyclomatic-complexity -MMD -MP -MF"Drivers/STM32F7xx_HAL_Driver/Src/stm32f7xx_hal_exti.d" -MT"Drivers/STM32F7xx_HAL_Driver/Src/stm32f7xx_hal_exti.o" --specs=nano.specs -mfpu=fpv5-sp-d16 -mfloat-abi=hard -mthumb -o "Drivers/STM32F7xx_HAL_Driver/Src/stm32f7xx_hal_exti.o"
arm-none-eabi-gcc "../Drivers/STM32F7xx_HAL_Driver/Src/stm32f7xx_hal_flash.c" -mcpu=cortex-m7 -std=gnu11 -g3 -DDEBUG -DUSE_HAL_DRIVER -DSTM32F746xx -c -I../Core/Inc -I../Drivers/STM32F7xx_HAL_Driver/Inc -I../Drivers/STM32F7xx_HAL_Driver/Inc/Legacy -I../Drivers/CMSIS/Device/ST/STM32F7xx/Include -I../Drivers/CMSIS/Include -O0 -ffunction-sections -fdata-sections -Wall -fstack-usage -fcyclomatic-complexity -MMD -MP -MF"Drivers/STM32F7xx_HAL_Driver/Src/stm32f7xx_hal_flash.d" -MT"Drivers/STM32F7xx_HAL_Driver/Src/stm32f7xx_hal_flash.o" --specs=nano.specs -mfpu=fpv5-sp-d16 -mfloat-abi=hard -mthumb -o "Drivers/STM32F7xx_HAL_Driver/Src/stm32f7xx_hal_flash.o"
arm-none-eabi-gcc "../Drivers/STM32F7xx_HAL_Driver/Src/stm32f7xx_hal_flash_ex.c" -mcpu=cortex-m7 -std=gnu11 -g3 -DDEBUG -DUSE_HAL_DRIVER -DSTM32F746xx -c -I../Core/Inc -I../Drivers/STM32F7xx_HAL_Driver/Inc -I../Drivers/STM32F7xx_HAL_Driver/Inc/Legacy -I../Drivers/CMSIS/Device/ST/STM32F7xx/Include -I../Drivers/CMSIS/Include -O0 -ffunction-sections -fdata-sections -Wall -fstack-usage -fcyclomatic-complexity -MMD -MP -MF"Drivers/STM32F7xx_HAL_Driver/Src/stm32f7xx_hal_flash_ex.d" -MT"Drivers/STM32F7xx_HAL_Driver/Src/stm32f7xx_hal_flash_ex.o" --specs=nano.specs -mfpu=fpv5-sp-d16 -mfloat-abi=hard -mthumb -o "Drivers/STM32F7xx_HAL_Driver/Src/stm32f7xx_hal_flash_ex.o"
arm-none-eabi-gcc "../Drivers/STM32F7xx_HAL_Driver/Src/stm32f7xx_hal_gpio.c" -mcpu=cortex-m7 -std=gnu11 -g3 -DDEBUG -DUSE_HAL_DRIVER -DSTM32F746xx -c -I../Core/Inc -I../Drivers/STM32F7xx_HAL_Driver/Inc -I../Drivers/STM32F7xx_HAL_Driver/Inc/Legacy -I../Drivers/CMSIS/Device/ST/STM32F7xx/Include -I../Drivers/CMSIS/Include -O0 -ffunction-sections -fdata-sections -Wall -fstack-usage -fcyclomatic-complexity -MMD -MP -MF"Drivers/STM32F7xx_HAL_Driver/Src/stm32f7xx_hal_gpio.d" -MT"Drivers/STM32F7xx_HAL_Driver/Src/stm32f7xx_hal_gpio.o" --specs=nano.specs -mfpu=fpv5-sp-d16 -mfloat-abi=hard -mthumb -o "Drivers/STM32F7xx_HAL_Driver/Src/stm32f7xx_hal_gpio.o"
arm-none-eabi-gcc "../Drivers/STM32F7xx_HAL_Driver/Src/stm32f7xx_hal_i2c.c" -mcpu=cortex-m7 -std=gnu11 -g3 -DDEBUG -DUSE_HAL_DRIVER -DSTM32F746xx -c -I../Core/Inc -I../Drivers/STM32F7xx_HAL_Driver/Inc -I../Drivers/STM32F7xx_HAL_Driver/Inc/Legacy -I../Drivers/CMSIS/Device/ST/STM32F7xx/Include -I../Drivers/CMSIS/Include -O0 -ffunction-sections -fdata-sections -Wall -fstack-usage -fcyclomatic-complexity -MMD -MP -MF"Drivers/STM32F7xx_HAL_Driver/Src/stm32f7xx_hal_i2c.d" -MT"Drivers/STM32F7xx_HAL_Driver/Src/stm32f7xx_hal_i2c.o" --specs=nano.specs -mfpu=fpv5-sp-d16 -mfloat-abi=hard -mthumb -o "Drivers/STM32F7xx_HAL_Driver/Src/stm32f7xx_hal_i2c.o"
arm-none-eabi-gcc "../Drivers/STM32F7xx_HAL_Driver/Src/stm32f7xx_hal_i2c_ex.c" -mcpu=cortex-m7 -std=gnu11 -g3 -DDEBUG -DUSE_HAL_DRIVER -DSTM32F746xx -c -I../Core/Inc -I../Drivers/STM32F7xx_HAL_Driver/Inc -I../Drivers/STM32F7xx_HAL_Driver/Inc/Legacy -I../Drivers/CMSIS/Device/ST/STM32F7xx/Include -I../Drivers/CMSIS/Include -O0 -ffunction-sections -fdata-sections -Wall -fstack-usage -fcyclomatic-complexity -MMD -MP -MF"Drivers/STM32F7xx_HAL_Driver/Src/stm32f7xx_hal_i2c_ex.d" -MT"Drivers/STM32F7xx_HAL_Driver/Src/stm32f7xx_hal_i2c_ex.o" --specs=nano.specs -mfpu=fpv5-sp-d16 -mfloat-abi=hard -mthumb -o "Drivers/STM32F7xx_HAL_Driver/Src/stm32f7xx_hal_i2c_ex.o"
arm-none-eabi-gcc "../Drivers/STM32F7xx_HAL_Driver/Src/stm32f7xx_hal_pwr.c" -mcpu=cortex-m7 -std=gnu11 -g3 -DDEBUG -DUSE_HAL_DRIVER -DSTM32F746xx -c -I../Core/Inc -I../Drivers/STM32F7xx_HAL_Driver/Inc -I../Drivers/STM32F7xx_HAL_Driver/Inc/Legacy -I../Drivers/CMSIS/Device/ST/STM32F7xx/Include -I../Drivers/CMSIS/Include -O0 -ffunction-sections -fdata-sections -Wall -fstack-usage -fcyclomatic-complexity -MMD -MP -MF"Drivers/STM32F7xx_HAL_Driver/Src/stm32f7xx_hal_pwr.d" -MT"Drivers/STM32F7xx_HAL_Driver/Src/stm32f7xx_hal_pwr.o" --specs=nano.specs -mfpu=fpv5-sp-d16 -mfloat-abi=hard -mthumb -o "Drivers/STM32F7xx_HAL_Driver/Src/stm32f7xx_hal_pwr.o"
arm-none-eabi-gcc "../Drivers/STM32F7xx_HAL_Driver/Src/stm32f7xx_hal_pwr_ex.c" -mcpu=cortex-m7 -std=gnu11 -g3 -DDEBUG -DUSE_HAL_DRIVER -DSTM32F746xx -c -I../Core/Inc -I../Drivers/STM32F7xx_HAL_Driver/Inc -I../Drivers/STM32F7xx_HAL_Driver/Inc/Legacy -I../Drivers/CMSIS/Device/ST/STM32F7xx/Include -I../Drivers/CMSIS/Include -O0 -ffunction-sections -fdata-sections -Wall -fstack-usage -fcyclomatic-complexity -MMD -MP -MF"Drivers/STM32F7xx_HAL_Driver/Src/stm32f7xx_hal_pwr_ex.d" -MT"Drivers/STM32F7xx_HAL_Driver/Src/stm32f7xx_hal_pwr_ex.o" --specs=nano.specs -mfpu=fpv5-sp-d16 -mfloat-abi=hard -mthumb -o "Drivers/STM32F7xx_HAL_Driver/Src/stm32f7xx_hal_pwr_ex.o"
arm-none-eabi-gcc "../Drivers/STM32F7xx_HAL_Driver/Src/stm32f7xx_hal_rcc.c" -mcpu=cortex-m7 -std=gnu11 -g3 -DDEBUG -DUSE_HAL_DRIVER -DSTM32F746xx -c -I../Core/Inc -I../Drivers/STM32F7xx_HAL_Driver/Inc -I../Drivers/STM32F7xx_HAL_Driver/Inc/Legacy -I../Drivers/CMSIS/Device/ST/STM32F7xx/Include -I../Drivers/CMSIS/Include -O0 -ffunction-sections -fdata-sections -Wall -fstack-usage -fcyclomatic-complexity -MMD -MP -MF"Drivers/STM32F7xx_HAL_Driver/Src/stm32f7xx_hal_rcc.d" -MT"Drivers/STM32F7xx_HAL_Driver/Src/stm32f7xx_hal_rcc.o" --specs=nano.specs -mfpu=fpv5-sp-d16 -mfloat-abi=hard -mthumb -o "Drivers/STM32F7xx_HAL_Driver/Src/stm32f7xx_hal_rcc.o"
arm-none-eabi-gcc "../Drivers/STM32F7xx_HAL_Driver/Src/stm32f7xx_hal_rcc_ex.c" -mcpu=cortex-m7 -std=gnu11 -g3 -DDEBUG -DUSE_HAL_DRIVER -DSTM32F746xx -c -I../Core/Inc -I../Drivers/STM32F7xx_HAL_Driver/Inc -I../Drivers/STM32F7xx_HAL_Driver/Inc/Legacy -I../Drivers/CMSIS/Device/ST/STM32F7xx/Include -I../Drivers/CMSIS/Include -O0 -ffunction-sections -fdata-sections -Wall -fstack-usage -fcyclomatic-complexity -MMD -MP -MF"Drivers/STM32F7xx_HAL_Driver/Src/stm32f7xx_hal_rcc_ex.d" -MT"Drivers/STM32F7xx_HAL_Driver/Src/stm32f7xx_hal_rcc_ex.o" --specs=nano.specs -mfpu=fpv5-sp-d16 -mfloat-abi=hard -mthumb -o "Drivers/STM32F7xx_HAL_Driver/Src/stm32f7xx_hal_rcc_ex.o"
arm-none-eabi-gcc -mcpu=cortex-m7 -g3 -DDEBUG -c -x assembler-with-cpp -MMD -MP -MF"Core/Startup/startup_stm32f746nghx.d" -MT"Core/Startup/startup_stm32f746nghx.o" --specs=nano.specs -mfpu=fpv5-sp-d16 -mfloat-abi=hard -mthumb -o "Core/Startup/startup_stm32f746nghx.o" "../Core/Startup/startup_stm32f746nghx.s"
arm-none-eabi-gcc "../Core/Src/main.c" -mcpu=cortex-m7 -std=gnu11 -g3 -DDEBUG -DUSE_HAL_DRIVER -DSTM32F746xx -c -I../Core/Inc -I../Drivers/STM32F7xx_HAL_Driver/Inc -I../Drivers/STM32F7xx_HAL_Driver/Inc/Legacy -I../Drivers/CMSIS/Device/ST/STM32F7xx/Include -I../Drivers/CMSIS/Include -O0 -ffunction-sections -fdata-sections -Wall -fstack-usage -fcyclomatic-complexity -MMD -MP -MF"Core/Src/main.d" -MT"Core/Src/main.o" --specs=nano.specs -mfpu=fpv5-sp-d16 -mfloat-abi=hard -mthumb -o "Core/Src/main.o"
arm-none-eabi-gcc "../Core/Src/stm32f7xx_hal_msp.c" -mcpu=cortex-m7 -std=gnu11 -g3 -DDEBUG -DUSE_HAL_DRIVER -DSTM32F746xx -c -I../Core/Inc -I../Drivers/STM32F7xx_HAL_Driver/Inc -I../Drivers/STM32F7xx_HAL_Driver/Inc/Legacy -I../Drivers/CMSIS/Device/ST/STM32F7xx/Include -I../Drivers/CMSIS/Include -O0 -ffunction-sections -fdata-sections -Wall -fstack-usage -fcyclomatic-complexity -MMD -MP -MF"Core/Src/stm32f7xx_hal_msp.d" -MT"Core/Src/stm32f7xx_hal_msp.o" --specs=nano.specs -mfpu=fpv5-sp-d16 -mfloat-abi=hard -mthumb -o "Core/Src/stm32f7xx_hal_msp.o"
arm-none-eabi-gcc "../Core/Src/stm32f7xx_it.c" -mcpu=cortex-m7 -std=gnu11 -g3 -DDEBUG -DUSE_HAL_DRIVER -DSTM32F746xx -c -I../Core/Inc -I../Drivers/STM32F7xx_HAL_Driver/Inc -I../Drivers/STM32F7xx_HAL_Driver/Inc/Legacy -I../Drivers/CMSIS/Device/ST/STM32F7xx/Include -I../Drivers/CMSIS/Include -O0 -ffunction-sections -fdata-sections -Wall -fstack-usage -fcyclomatic-complexity -MMD -MP -MF"Core/Src/stm32f7xx_it.d" -MT"Core/Src/stm32f7xx_it.o" --specs=nano.specs -mfpu=fpv5-sp-d16 -mfloat-abi=hard -mthumb -o "Core/Src/stm32f7xx_it.o"
arm-none-eabi-gcc "../Core/Src/syscalls.c" -mcpu=cortex-m7 -std=gnu11 -g3 -DDEBUG -DUSE_HAL_DRIVER -DSTM32F746xx -c -I../Core/Inc -I../Drivers/STM32F7xx_HAL_Driver/Inc -I../Drivers/STM32F7xx_HAL_Driver/Inc/Legacy -I../Drivers/CMSIS/Device/ST/STM32F7xx/Include -I../Drivers/CMSIS/Include -O0 -ffunction-sections -fdata-sections -Wall -fstack-usage -fcyclomatic-complexity -MMD -MP -MF"Core/Src/syscalls.d" -MT"Core/Src/syscalls.o" --specs=nano.specs -mfpu=fpv5-sp-d16 -mfloat-abi=hard -mthumb -o "Core/Src/syscalls.o"
arm-none-eabi-gcc "../Core/Src/sysmem.c" -mcpu=cortex-m7 -std=gnu11 -g3 -DDEBUG -DUSE_HAL_DRIVER -DSTM32F746xx -c -I../Core/Inc -I../Drivers/STM32F7xx_HAL_Driver/Inc -I../Drivers/STM32F7xx_HAL_Driver/Inc/Legacy -I../Drivers/CMSIS/Device/ST/STM32F7xx/Include -I../Drivers/CMSIS/Include -O0 -ffunction-sections -fdata-sections -Wall -fstack-usage -fcyclomatic-complexity -MMD -MP -MF"Core/Src/sysmem.d" -MT"Core/Src/sysmem.o" --specs=nano.specs -mfpu=fpv5-sp-d16 -mfloat-abi=hard -mthumb -o "Core/Src/sysmem.o"
arm-none-eabi-gcc "../Core/Src/system_stm32f7xx.c" -mcpu=cortex-m7 -std=gnu11 -g3 -DDEBUG -DUSE_HAL_DRIVER -DSTM32F746xx -c -I../Core/Inc -I../Drivers/STM32F7xx_HAL_Driver/Inc -I../Drivers/STM32F7xx_HAL_Driver/Inc/Legacy -I../Drivers/CMSIS/Device/ST/STM32F7xx/Include -I../Drivers/CMSIS/Include -O0 -ffunction-sections -fdata-sections -Wall -fstack-usage -fcyclomatic-complexity -MMD -MP -MF"Core/Src/system_stm32f7xx.d" -MT"Core/Src/system_stm32f7xx.o" --specs=nano.specs -mfpu=fpv5-sp-d16 -mfloat-abi=hard -mthumb -o "Core/Src/system_stm32f7xx.o"
../Core/Src/main.c: In function 'EEPROM_Read':
../Core/Src/main.c:100:17: error: 'I2C_CR2_SOFTEND' undeclared (first use in this function); did you mean 'I2C_CR2_AUTOEND'?
  100 |                 I2C_CR2_SOFTEND |
      |                 ^~~~~~~~~~~~~~~
      |                 I2C_CR2_AUTOEND
../Core/Src/main.c:100:17: note: each undeclared identifier is reported only once for each function it appears in
make: *** [Core/Src/subdir.mk:34: Core/Src/main.o] Error 1
make: *** Waiting for unfinished jobs....
"make -j12 all" terminated with exit code 2. Build might be incomplete.
13:49:33 **** Incremental Build of configuration Debug for project i2c_baremetal ****
make -j12 all 
arm-none-eabi-gcc "../Core/Src/main.c" -mcpu=cortex-m7 -std=gnu11 -g3 -DDEBUG -DUSE_HAL_DRIVER -DSTM32F746xx -c -I../Core/Inc -I../Drivers/STM32F7xx_HAL_Driver/Inc -I../Drivers/STM32F7xx_HAL_Driver/Inc/Legacy -I../Drivers/CMSIS/Device/ST/STM32F7xx/Include -I../Drivers/CMSIS/Include -O0 -ffunction-sections -fdata-sections -Wall -fstack-usage -fcyclomatic-complexity -MMD -MP -MF"Core/Src/main.d" -MT"Core/Src/main.o" --specs=nano.specs -mfpu=fpv5-sp-d16 -mfloat-abi=hard -mthumb -o "Core/Src/main.o"
arm-none-eabi-gcc -o "i2c_baremetal.elf" @"objects.list"   -mcpu=cortex-m7 -T"/home/invadl0640/Desktop/STM32 Codes/i2c_baremetal/STM32F746NGHX_FLASH.ld" --specs=nosys.specs -Wl,-Map="i2c_baremetal.map" -Wl,--gc-sections -static --specs=nano.specs -mfpu=fpv5-sp-d16 -mfloat-abi=hard -mthumb -Wl,--start-group -lc -lm -Wl,--end-group
Finished building target: i2c_baremetal.elf
 
arm-none-eabi-size  i2c_baremetal.elf 
arm-none-eabi-objdump -h -S i2c_baremetal.elf  > "i2c_baremetal.list"
   text	   data	    bss	    dec	    hex	filename
   2456	     20	   1580	   4056	    fd8	i2c_baremetal.elf
Finished building: default.size.stdout
 
Finished building: i2c_baremetal.list
 
14:17:41 **** Incremental Build of configuration Debug for project i2c_baremetal ****
make -j12 all 
arm-none-eabi-gcc "../Core/Src/main.c" -mcpu=cortex-m7 -std=gnu11 -g3 -DDEBUG -DUSE_HAL_DRIVER -DSTM32F746xx -c -I../Core/Inc -I../Drivers/STM32F7xx_HAL_Driver/Inc -I../Drivers/STM32F7xx_HAL_Driver/Inc/Legacy -I../Drivers/CMSIS/Device/ST/STM32F7xx/Include -I../Drivers/CMSIS/Include -O0 -ffunction-sections -fdata-sections -Wall -fstack-usage -fcyclomatic-complexity -MMD -MP -MF"Core/Src/main.d" -MT"Core/Src/main.o" --specs=nano.specs -mfpu=fpv5-sp-d16 -mfloat-abi=hard -mthumb -o "Core/Src/main.o"
arm-none-eabi-gcc -o "i2c_baremetal.elf" @"objects.list"   -mcpu=cortex-m7 -T"/home/invadl0640/Desktop/STM32 Codes/i2c_baremetal/STM32F746NGHX_FLASH.ld" --specs=nosys.specs -Wl,-Map="i2c_baremetal.map" -Wl,--gc-sections -static --specs=nano.specs -mfpu=fpv5-sp-d16 -mfloat-abi=hard -mthumb -Wl,--start-group -lc -lm -Wl,--end-group
Finished building target: i2c_baremetal.elf
 
arm-none-eabi-size  i2c_baremetal.elf 
arm-none-eabi-objdump -h -S i2c_baremetal.elf  > "i2c_baremetal.list"
   text	   data	    bss	    dec	    hex	filename
   2456	     28	   1588	   4072	    fe8	i2c_baremetal.elf
Finished building: default.size.stdout
 
Finished building: i2c_baremetal.list
 
14:18:11 **** Incremental Build of configuration Debug for project i2c_both_ram ****
make -j12 all 
arm-none-eabi-size  i2c_both_ram.elf 
   text	   data	    bss	    dec	    hex	filename
  11908	     24	   1680	  13612	   352c	i2c_both_ram.elf
Finished building: default.size.stdout
 
14:18:41 **** Incremental Build of configuration Debug for project i2c_both_ram ****
make -j12 all 
arm-none-eabi-size  i2c_both_ram.elf 
   text	   data	    bss	    dec	    hex	filename
  11908	     24	   1680	  13612	   352c	i2c_both_ram.elf
Finished building: default.size.stdout
 
14:21:24 **** Incremental Build of configuration Debug for project i2c_both_ram ****
make -j12 all 
arm-none-eabi-size  i2c_both_ram.elf 
   text	   data	    bss	    dec	    hex	filename
  11908	     24	   1680	  13612	   352c	i2c_both_ram.elf
Finished building: default.size.stdout
 
14:25:38 **** Incremental Build of configuration Debug for project i2c_baremetal ****
make -j12 all 
arm-none-eabi-gcc "../Core/Src/main.c" -mcpu=cortex-m7 -std=gnu11 -g3 -DDEBUG -DUSE_HAL_DRIVER -DSTM32F746xx -c -I../Core/Inc -I../Drivers/STM32F7xx_HAL_Driver/Inc -I../Drivers/STM32F7xx_HAL_Driver/Inc/Legacy -I../Drivers/CMSIS/Device/ST/STM32F7xx/Include -I../Drivers/CMSIS/Include -O0 -ffunction-sections -fdata-sections -Wall -fstack-usage -fcyclomatic-complexity -MMD -MP -MF"Core/Src/main.d" -MT"Core/Src/main.o" --specs=nano.specs -mfpu=fpv5-sp-d16 -mfloat-abi=hard -mthumb -o "Core/Src/main.o"
arm-none-eabi-gcc -o "i2c_baremetal.elf" @"objects.list"   -mcpu=cortex-m7 -T"/home/invadl0640/Desktop/STM32 Codes/i2c_baremetal/STM32F746NGHX_FLASH.ld" --specs=nosys.specs -Wl,-Map="i2c_baremetal.map" -Wl,--gc-sections -static --specs=nano.specs -mfpu=fpv5-sp-d16 -mfloat-abi=hard -mthumb -Wl,--start-group -lc -lm -Wl,--end-group
Finished building target: i2c_baremetal.elf
 
arm-none-eabi-size  i2c_baremetal.elf 
arm-none-eabi-objdump -h -S i2c_baremetal.elf  > "i2c_baremetal.list"
   text	   data	    bss	    dec	    hex	filename
   2464	     28	   1588	   4080	    ff0	i2c_baremetal.elf
Finished building: default.size.stdout
 
Finished building: i2c_baremetal.list
 
14:25:42 **** Incremental Build of configuration Debug for project i2c_both_ram ****
make -j12 all 
arm-none-eabi-size  i2c_both_ram.elf 
   text	   data	    bss	    dec	    hex	filename
  11908	     24	   1680	  13612	   352c	i2c_both_ram.elf
Finished building: default.size.stdout
 
14:26:27 **** Incremental Build of configuration Debug for project i2c_both_ram ****
make -j12 all 
arm-none-eabi-size  i2c_both_ram.elf 
   text	   data	    bss	    dec	    hex	filename
  11908	     24	   1680	  13612	   352c	i2c_both_ram.elf
Finished building: default.size.stdout
 
14:29:51 **** Incremental Build of configuration Debug for project i2c_baremetal ****
make -j12 all 
arm-none-eabi-gcc "../Core/Src/main.c" -mcpu=cortex-m7 -std=gnu11 -g3 -DDEBUG -DUSE_HAL_DRIVER -DSTM32F746xx -c -I../Core/Inc -I../Drivers/STM32F7xx_HAL_Driver/Inc -I../Drivers/STM32F7xx_HAL_Driver/Inc/Legacy -I../Drivers/CMSIS/Device/ST/STM32F7xx/Include -I../Drivers/CMSIS/Include -O0 -ffunction-sections -fdata-sections -Wall -fstack-usage -fcyclomatic-complexity -MMD -MP -MF"Core/Src/main.d" -MT"Core/Src/main.o" --specs=nano.specs -mfpu=fpv5-sp-d16 -mfloat-abi=hard -mthumb -o "Core/Src/main.o"
arm-none-eabi-gcc -o "i2c_baremetal.elf" @"objects.list"   -mcpu=cortex-m7 -T"/home/invadl0640/Desktop/STM32 Codes/i2c_baremetal/STM32F746NGHX_FLASH.ld" --specs=nosys.specs -Wl,-Map="i2c_baremetal.map" -Wl,--gc-sections -static --specs=nano.specs -mfpu=fpv5-sp-d16 -mfloat-abi=hard -mthumb -Wl,--start-group -lc -lm -Wl,--end-group
Finished building target: i2c_baremetal.elf
 
arm-none-eabi-size  i2c_baremetal.elf 
arm-none-eabi-objdump -h -S i2c_baremetal.elf  > "i2c_baremetal.list"
   text	   data	    bss	    dec	    hex	filename
   2492	     28	   1588	   4108	   100c	i2c_baremetal.elf
Finished building: default.size.stdout
 
Finished building: i2c_baremetal.list
 
14:29:57 **** Incremental Build of configuration Debug for project i2c_both_ram ****
make -j12 all 
arm-none-eabi-size  i2c_both_ram.elf 
   text	   data	    bss	    dec	    hex	filename
  11908	     24	   1680	  13612	   352c	i2c_both_ram.elf
Finished building: default.size.stdout
 
14:43:58 **** Incremental Build of configuration Debug for project i2c_baremetal ****
make -j12 all 
arm-none-eabi-gcc "../Core/Src/main.c" -mcpu=cortex-m7 -std=gnu11 -g3 -DDEBUG -DUSE_HAL_DRIVER -DSTM32F746xx -c -I../Core/Inc -I../Drivers/STM32F7xx_HAL_Driver/Inc -I../Drivers/STM32F7xx_HAL_Driver/Inc/Legacy -I../Drivers/CMSIS/Device/ST/STM32F7xx/Include -I../Drivers/CMSIS/Include -O0 -ffunction-sections -fdata-sections -Wall -fstack-usage -fcyclomatic-complexity -MMD -MP -MF"Core/Src/main.d" -MT"Core/Src/main.o" --specs=nano.specs -mfpu=fpv5-sp-d16 -mfloat-abi=hard -mthumb -o "Core/Src/main.o"
arm-none-eabi-gcc -o "i2c_baremetal.elf" @"objects.list"   -mcpu=cortex-m7 -T"/home/invadl0640/Desktop/STM32 Codes/i2c_baremetal/STM32F746NGHX_FLASH.ld" --specs=nosys.specs -Wl,-Map="i2c_baremetal.map" -Wl,--gc-sections -static --specs=nano.specs -mfpu=fpv5-sp-d16 -mfloat-abi=hard -mthumb -Wl,--start-group -lc -lm -Wl,--end-group
Finished building target: i2c_baremetal.elf
 
arm-none-eabi-size  i2c_baremetal.elf 
arm-none-eabi-objdump -h -S i2c_baremetal.elf  > "i2c_baremetal.list"
   text	   data	    bss	    dec	    hex	filename
   2468	     28	   1588	   4084	    ff4	i2c_baremetal.elf
Finished building: default.size.stdout
 
Finished building: i2c_baremetal.list
 
14:44:04 **** Incremental Build of configuration Debug for project i2c_both_ram ****
make -j12 all 
arm-none-eabi-size  i2c_both_ram.elf 
   text	   data	    bss	    dec	    hex	filename
  11908	     24	   1680	  13612	   352c	i2c_both_ram.elf
Finished building: default.size.stdout
 
14:44:42 **** Incremental Build of configuration Debug for project i2c_baremetal ****
make -j12 all 
arm-none-eabi-gcc "../Core/Src/main.c" -mcpu=cortex-m7 -std=gnu11 -g3 -DDEBUG -DUSE_HAL_DRIVER -DSTM32F746xx -c -I../Core/Inc -I../Drivers/STM32F7xx_HAL_Driver/Inc -I../Drivers/STM32F7xx_HAL_Driver/Inc/Legacy -I../Drivers/CMSIS/Device/ST/STM32F7xx/Include -I../Drivers/CMSIS/Include -O0 -ffunction-sections -fdata-sections -Wall -fstack-usage -fcyclomatic-complexity -MMD -MP -MF"Core/Src/main.d" -MT"Core/Src/main.o" --specs=nano.specs -mfpu=fpv5-sp-d16 -mfloat-abi=hard -mthumb -o "Core/Src/main.o"
arm-none-eabi-gcc -o "i2c_baremetal.elf" @"objects.list"   -mcpu=cortex-m7 -T"/home/invadl0640/Desktop/STM32 Codes/i2c_baremetal/STM32F746NGHX_FLASH.ld" --specs=nosys.specs -Wl,-Map="i2c_baremetal.map" -Wl,--gc-sections -static --specs=nano.specs -mfpu=fpv5-sp-d16 -mfloat-abi=hard -mthumb -Wl,--start-group -lc -lm -Wl,--end-group
Finished building target: i2c_baremetal.elf
 
arm-none-eabi-size  i2c_baremetal.elf 
arm-none-eabi-objdump -h -S i2c_baremetal.elf  > "i2c_baremetal.list"
   text	   data	    bss	    dec	    hex	filename
   2468	     32	   1592	   4092	    ffc	i2c_baremetal.elf
Finished building: default.size.stdout
 
Finished building: i2c_baremetal.list
 
14:44:47 **** Incremental Build of configuration Debug for project i2c_both_ram ****
make -j12 all 
arm-none-eabi-size  i2c_both_ram.elf 
   text	   data	    bss	    dec	    hex	filename
  11908	     24	   1680	  13612	   352c	i2c_both_ram.elf
Finished building: default.size.stdout
 
14:45:14 **** Incremental Build of configuration Debug for project i2c_baremetal ****
make -j12 all 
arm-none-eabi-gcc "../Core/Src/main.c" -mcpu=cortex-m7 -std=gnu11 -g3 -DDEBUG -DUSE_HAL_DRIVER -DSTM32F746xx -c -I../Core/Inc -I../Drivers/STM32F7xx_HAL_Driver/Inc -I../Drivers/STM32F7xx_HAL_Driver/Inc/Legacy -I../Drivers/CMSIS/Device/ST/STM32F7xx/Include -I../Drivers/CMSIS/Include -O0 -ffunction-sections -fdata-sections -Wall -fstack-usage -fcyclomatic-complexity -MMD -MP -MF"Core/Src/main.d" -MT"Core/Src/main.o" --specs=nano.specs -mfpu=fpv5-sp-d16 -mfloat-abi=hard -mthumb -o "Core/Src/main.o"
arm-none-eabi-gcc -o "i2c_baremetal.elf" @"objects.list"   -mcpu=cortex-m7 -T"/home/invadl0640/Desktop/STM32 Codes/i2c_baremetal/STM32F746NGHX_FLASH.ld" --specs=nosys.specs -Wl,-Map="i2c_baremetal.map" -Wl,--gc-sections -static --specs=nano.specs -mfpu=fpv5-sp-d16 -mfloat-abi=hard -mthumb -Wl,--start-group -lc -lm -Wl,--end-group
Finished building target: i2c_baremetal.elf
 
arm-none-eabi-size  i2c_baremetal.elf 
arm-none-eabi-objdump -h -S i2c_baremetal.elf  > "i2c_baremetal.list"
   text	   data	    bss	    dec	    hex	filename
   2468	     20	   1580	   4068	    fe4	i2c_baremetal.elf
Finished building: default.size.stdout
 
Finished building: i2c_baremetal.list
 
14:45:25 **** Incremental Build of configuration Debug for project i2c_baremetal ****
make -j12 all 
arm-none-eabi-size  i2c_baremetal.elf 
   text	   data	    bss	    dec	    hex	filename
   2468	     20	   1580	   4068	    fe4	i2c_baremetal.elf
Finished building: default.size.stdout
 
14:45:30 **** Incremental Build of configuration Debug for project i2c_both_ram ****
make -j12 all 
arm-none-eabi-size  i2c_both_ram.elf 
   text	   data	    bss	    dec	    hex	filename
  11908	     24	   1680	  13612	   352c	i2c_both_ram.elf
Finished building: default.size.stdout
 
15:29:06 **** Incremental Build of configuration Debug for project i2c_applicationram ****
make -j12 all 
arm-none-eabi-gcc "../Core/Src/main.c" -mcpu=cortex-m7 -std=gnu11 -g3 -DDEBUG -DUSE_HAL_DRIVER -DSTM32F746xx -c -I../Core/Inc -I../Drivers/STM32F7xx_HAL_Driver/Inc -I../Drivers/STM32F7xx_HAL_Driver/Inc/Legacy -I../Drivers/CMSIS/Device/ST/STM32F7xx/Include -I../Drivers/CMSIS/Include -O0 -ffunction-sections -fdata-sections -Wall -fstack-usage -fcyclomatic-complexity -MMD -MP -MF"Core/Src/main.d" -MT"Core/Src/main.o" --specs=nano.specs -mfpu=fpv5-sp-d16 -mfloat-abi=hard -mthumb -o "Core/Src/main.o"
arm-none-eabi-gcc -o "i2c_applicationram.elf" @"objects.list"   -mcpu=cortex-m7 -T"/home/invadl0640/Desktop/STM32 Codes/i2c_applicationram/STM32F746NGHX_FLASH.ld" --specs=nosys.specs -Wl,-Map="i2c_applicationram.map" -Wl,--gc-sections -static --specs=nano.specs -mfpu=fpv5-sp-d16 -mfloat-abi=hard -mthumb -Wl,--start-group -lc -lm -Wl,--end-group
Finished building target: i2c_applicationram.elf
 
arm-none-eabi-size  i2c_applicationram.elf 
arm-none-eabi-objdump -h -S i2c_applicationram.elf  > "i2c_applicationram.list"
   text	   data	    bss	    dec	    hex	filename
  11800	     20	   1660	  13480	   34a8	i2c_applicationram.elf
Finished building: default.size.stdout
 
Finished building: i2c_applicationram.list
 
15:29:14 **** Incremental Build of configuration Debug for project i2c_both_ram ****
make -j12 all 
arm-none-eabi-size  i2c_both_ram.elf 
   text	   data	    bss	    dec	    hex	filename
  11908	     24	   1680	  13612	   352c	i2c_both_ram.elf
Finished building: default.size.stdout
 
15:29:44 **** Incremental Build of configuration Debug for project i2c_baremetal ****
make -j12 all 
arm-none-eabi-gcc "../Core/Src/main.c" -mcpu=cortex-m7 -std=gnu11 -g3 -DDEBUG -DUSE_HAL_DRIVER -DSTM32F746xx -c -I../Core/Inc -I../Drivers/STM32F7xx_HAL_Driver/Inc -I../Drivers/STM32F7xx_HAL_Driver/Inc/Legacy -I../Drivers/CMSIS/Device/ST/STM32F7xx/Include -I../Drivers/CMSIS/Include -O0 -ffunction-sections -fdata-sections -Wall -fstack-usage -fcyclomatic-complexity -MMD -MP -MF"Core/Src/main.d" -MT"Core/Src/main.o" --specs=nano.specs -mfpu=fpv5-sp-d16 -mfloat-abi=hard -mthumb -o "Core/Src/main.o"
arm-none-eabi-gcc -o "i2c_baremetal.elf" @"objects.list"   -mcpu=cortex-m7 -T"/home/invadl0640/Desktop/STM32 Codes/i2c_baremetal/STM32F746NGHX_FLASH.ld" --specs=nosys.specs -Wl,-Map="i2c_baremetal.map" -Wl,--gc-sections -static --specs=nano.specs -mfpu=fpv5-sp-d16 -mfloat-abi=hard -mthumb -Wl,--start-group -lc -lm -Wl,--end-group
Finished building target: i2c_baremetal.elf
 
arm-none-eabi-size  i2c_baremetal.elf 
arm-none-eabi-objdump -h -S i2c_baremetal.elf  > "i2c_baremetal.list"
   text	   data	    bss	    dec	    hex	filename
   2468	     20	   1580	   4068	    fe4	i2c_baremetal.elf
Finished building: default.size.stdout
 
Finished building: i2c_baremetal.list
 
15:29:48 **** Incremental Build of configuration Debug for project i2c_both_ram ****
make -j12 all 
arm-none-eabi-size  i2c_both_ram.elf 
   text	   data	    bss	    dec	    hex	filename
  11908	     24	   1680	  13612	   352c	i2c_both_ram.elf
Finished building: default.size.stdout
 
15:34:36 **** Incremental Build of configuration Debug for project i2c_applicationram ****
make -j12 all 
arm-none-eabi-gcc "../Core/Src/main.c" -mcpu=cortex-m7 -std=gnu11 -g3 -DDEBUG -DUSE_HAL_DRIVER -DSTM32F746xx -c -I../Core/Inc -I../Drivers/STM32F7xx_HAL_Driver/Inc -I../Drivers/STM32F7xx_HAL_Driver/Inc/Legacy -I../Drivers/CMSIS/Device/ST/STM32F7xx/Include -I../Drivers/CMSIS/Include -O0 -ffunction-sections -fdata-sections -Wall -fstack-usage -fcyclomatic-complexity -MMD -MP -MF"Core/Src/main.d" -MT"Core/Src/main.o" --specs=nano.specs -mfpu=fpv5-sp-d16 -mfloat-abi=hard -mthumb -o "Core/Src/main.o"
arm-none-eabi-gcc -o "i2c_applicationram.elf" @"objects.list"   -mcpu=cortex-m7 -T"/home/invadl0640/Desktop/STM32 Codes/i2c_applicationram/STM32F746NGHX_FLASH.ld" --specs=nosys.specs -Wl,-Map="i2c_applicationram.map" -Wl,--gc-sections -static --specs=nano.specs -mfpu=fpv5-sp-d16 -mfloat-abi=hard -mthumb -Wl,--start-group -lc -lm -Wl,--end-group
Finished building target: i2c_applicationram.elf
 
arm-none-eabi-size  i2c_applicationram.elf 
arm-none-eabi-objdump -h -S i2c_applicationram.elf  > "i2c_applicationram.list"
   text	   data	    bss	    dec	    hex	filename
  11800	     20	   1660	  13480	   34a8	i2c_applicationram.elf
Finished building: default.size.stdout
 
Finished building: i2c_applicationram.list
 
15:35:33 **** Build of configuration Debug for project I2C_test2 ****
make -j12 all 
arm-none-eabi-gcc "../Core/Src/main.c" -mcpu=cortex-m7 -std=gnu11 -g3 -DDEBUG -DUSE_HAL_DRIVER -DSTM32F746xx -c -I../Core/Inc -I../Drivers/STM32F7xx_HAL_Driver/Inc -I../Drivers/STM32F7xx_HAL_Driver/Inc/Legacy -I../Drivers/CMSIS/Device/ST/STM32F7xx/Include -I../Drivers/CMSIS/Include -O0 -ffunction-sections -fdata-sections -Wall -fstack-usage -fcyclomatic-complexity -MMD -MP -MF"Core/Src/main.d" -MT"Core/Src/main.o" --specs=nano.specs -mfpu=fpv5-sp-d16 -mfloat-abi=hard -mthumb -o "Core/Src/main.o"
arm-none-eabi-gcc -o "I2C_test2.elf" @"objects.list"   -mcpu=cortex-m7 -T"/home/invadl0640/Desktop/STM32 Codes/I2C_test2/STM32F746NGHX_FLASH.ld" --specs=nosys.specs -Wl,-Map="I2C_test2.map" -Wl,--gc-sections -static --specs=nano.specs -mfpu=fpv5-sp-d16 -mfloat-abi=hard -mthumb -Wl,--start-group -lc -lm -Wl,--end-group
Finished building target: I2C_test2.elf
 
arm-none-eabi-size  I2C_test2.elf 
arm-none-eabi-objdump -h -S I2C_test2.elf  > "I2C_test2.list"
   text	   data	    bss	    dec	    hex	filename
  11652	     24	   1664	  13340	   341c	I2C_test2.elf
Finished building: default.size.stdout
 
Finished building: I2C_test2.list
 
15:35:47 **** Incremental Build of configuration Debug for project i2c_both_ram ****
make -j12 all 
arm-none-eabi-size  i2c_both_ram.elf 
   text	   data	    bss	    dec	    hex	filename
  11908	     24	   1680	  13612	   352c	i2c_both_ram.elf
Finished building: default.size.stdout
 
13:52:25 **** Build of configuration Debug for project I2C_test2 ****
make -j12 all 
arm-none-eabi-gcc "../Core/Src/main.c" -mcpu=cortex-m7 -std=gnu11 -g3 -DDEBUG -DUSE_HAL_DRIVER -DSTM32F746xx -c -I../Core/Inc -I../Drivers/STM32F7xx_HAL_Driver/Inc -I../Drivers/STM32F7xx_HAL_Driver/Inc/Legacy -I../Drivers/CMSIS/Device/ST/STM32F7xx/Include -I../Drivers/CMSIS/Include -O0 -ffunction-sections -fdata-sections -Wall -fstack-usage -fcyclomatic-complexity -MMD -MP -MF"Core/Src/main.d" -MT"Core/Src/main.o" --specs=nano.specs -mfpu=fpv5-sp-d16 -mfloat-abi=hard -mthumb -o "Core/Src/main.o"
arm-none-eabi-gcc -o "I2C_test2.elf" @"objects.list"   -mcpu=cortex-m7 -T"/home/invadl0640/Desktop/STM32 Codes/I2C_test2/STM32F746NGHX_FLASH.ld" --specs=nosys.specs -Wl,-Map="I2C_test2.map" -Wl,--gc-sections -static --specs=nano.specs -mfpu=fpv5-sp-d16 -mfloat-abi=hard -mthumb -Wl,--start-group -lc -lm -Wl,--end-group
Finished building target: I2C_test2.elf
 
arm-none-eabi-size  I2C_test2.elf 
arm-none-eabi-objdump -h -S I2C_test2.elf  > "I2C_test2.list"
   text	   data	    bss	    dec	    hex	filename
  11652	     20	   1660	  13332	   3414	I2C_test2.elf
Finished building: default.size.stdout
 
Finished building: I2C_test2.list
 
13:53:14 **** Incremental Build of configuration Debug for project I2C_test2 ****
make -j12 all 
arm-none-eabi-size  I2C_test2.elf 
   text	   data	    bss	    dec	    hex	filename
  11652	     20	   1660	  13332	   3414	I2C_test2.elf
Finished building: default.size.stdout
 
13:53:48 **** Incremental Build of configuration Debug for project I2C_test2 ****
make -j12 all 
arm-none-eabi-size  I2C_test2.elf 
   text	   data	    bss	    dec	    hex	filename
  11652	     20	   1660	  13332	   3414	I2C_test2.elf
Finished building: default.size.stdout
 
13:55:11 **** Incremental Build of configuration Debug for project I2C_test2 ****
make -j12 all 
arm-none-eabi-size  I2C_test2.elf 
   text	   data	    bss	    dec	    hex	filename
  11652	     20	   1660	  13332	   3414	I2C_test2.elf
Finished building: default.size.stdout
 
13:55:35 **** Incremental Build of configuration Debug for project I2C_test2 ****
make -j12 all 
arm-none-eabi-size  I2C_test2.elf 
   text	   data	    bss	    dec	    hex	filename
  11652	     20	   1660	  13332	   3414	I2C_test2.elf
Finished building: default.size.stdout
 
13:56:29 **** Incremental Build of configuration Debug for project I2C_test2 ****
make -j12 all 
arm-none-eabi-gcc "../Core/Src/main.c" -mcpu=cortex-m7 -std=gnu11 -g3 -DDEBUG -DUSE_HAL_DRIVER -DSTM32F746xx -c -I../Core/Inc -I../Drivers/STM32F7xx_HAL_Driver/Inc -I../Drivers/STM32F7xx_HAL_Driver/Inc/Legacy -I../Drivers/CMSIS/Device/ST/STM32F7xx/Include -I../Drivers/CMSIS/Include -O0 -ffunction-sections -fdata-sections -Wall -fstack-usage -fcyclomatic-complexity -MMD -MP -MF"Core/Src/main.d" -MT"Core/Src/main.o" --specs=nano.specs -mfpu=fpv5-sp-d16 -mfloat-abi=hard -mthumb -o "Core/Src/main.o"
arm-none-eabi-gcc -o "I2C_test2.elf" @"objects.list"   -mcpu=cortex-m7 -T"/home/invadl0640/Desktop/STM32 Codes/I2C_test2/STM32F746NGHX_FLASH.ld" --specs=nosys.specs -Wl,-Map="I2C_test2.map" -Wl,--gc-sections -static --specs=nano.specs -mfpu=fpv5-sp-d16 -mfloat-abi=hard -mthumb -Wl,--start-group -lc -lm -Wl,--end-group
Finished building target: I2C_test2.elf
 
arm-none-eabi-size  I2C_test2.elf 
arm-none-eabi-objdump -h -S I2C_test2.elf  > "I2C_test2.list"
   text	   data	    bss	    dec	    hex	filename
  11652	     20	   1660	  13332	   3414	I2C_test2.elf
Finished building: default.size.stdout
 
Finished building: I2C_test2.list
 
13:56:36 **** Incremental Build of configuration Debug for project I2C_test2 ****
make -j12 all 
arm-none-eabi-size  I2C_test2.elf 
   text	   data	    bss	    dec	    hex	filename
  11652	     20	   1660	  13332	   3414	I2C_test2.elf
Finished building: default.size.stdout
 
13:56:50 **** Incremental Build of configuration Debug for project I2C_test2 ****
make -j12 all 
arm-none-eabi-size  I2C_test2.elf 
   text	   data	    bss	    dec	    hex	filename
  11652	     20	   1660	  13332	   3414	I2C_test2.elf
Finished building: default.size.stdout
 
13:57:09 **** Incremental Build of configuration Debug for project I2C_test2 ****
make -j12 all 
arm-none-eabi-size  I2C_test2.elf 
   text	   data	    bss	    dec	    hex	filename
  11652	     20	   1660	  13332	   3414	I2C_test2.elf
Finished building: default.size.stdout
 
13:57:55 **** Incremental Build of configuration Debug for project I2C_test2 ****
make -j12 all 
arm-none-eabi-size  I2C_test2.elf 
   text	   data	    bss	    dec	    hex	filename
  11652	     20	   1660	  13332	   3414	I2C_test2.elf
Finished building: default.size.stdout
 
13:58:02 **** Incremental Build of configuration Debug for project I2C_test2 ****
make -j12 all 
arm-none-eabi-gcc "../Core/Src/main.c" -mcpu=cortex-m7 -std=gnu11 -g3 -DDEBUG -DUSE_HAL_DRIVER -DSTM32F746xx -c -I../Core/Inc -I../Drivers/STM32F7xx_HAL_Driver/Inc -I../Drivers/STM32F7xx_HAL_Driver/Inc/Legacy -I../Drivers/CMSIS/Device/ST/STM32F7xx/Include -I../Drivers/CMSIS/Include -O0 -ffunction-sections -fdata-sections -Wall -fstack-usage -fcyclomatic-complexity -MMD -MP -MF"Core/Src/main.d" -MT"Core/Src/main.o" --specs=nano.specs -mfpu=fpv5-sp-d16 -mfloat-abi=hard -mthumb -o "Core/Src/main.o"
arm-none-eabi-gcc -o "I2C_test2.elf" @"objects.list"   -mcpu=cortex-m7 -T"/home/invadl0640/Desktop/STM32 Codes/I2C_test2/STM32F746NGHX_FLASH.ld" --specs=nosys.specs -Wl,-Map="I2C_test2.map" -Wl,--gc-sections -static --specs=nano.specs -mfpu=fpv5-sp-d16 -mfloat-abi=hard -mthumb -Wl,--start-group -lc -lm -Wl,--end-group
Finished building target: I2C_test2.elf
 
arm-none-eabi-size  I2C_test2.elf 
arm-none-eabi-objdump -h -S I2C_test2.elf  > "I2C_test2.list"
   text	   data	    bss	    dec	    hex	filename
  11652	     20	   1660	  13332	   3414	I2C_test2.elf
Finished building: default.size.stdout
 
Finished building: I2C_test2.list
 
13:58:10 **** Incremental Build of configuration Debug for project I2C_test2 ****
make -j12 all 
arm-none-eabi-size  I2C_test2.elf 
   text	   data	    bss	    dec	    hex	filename
  11652	     20	   1660	  13332	   3414	I2C_test2.elf
Finished building: default.size.stdout
 
13:59:28 **** Incremental Build of configuration Debug for project I2C_test2 ****
make -j12 all 
arm-none-eabi-size  I2C_test2.elf 
   text	   data	    bss	    dec	    hex	filename
  11652	     20	   1660	  13332	   3414	I2C_test2.elf
Finished building: default.size.stdout
 
14:01:26 **** Incremental Build of configuration Debug for project I2C_test2 ****
make -j12 all 
arm-none-eabi-size  I2C_test2.elf 
   text	   data	    bss	    dec	    hex	filename
  11652	     20	   1660	  13332	   3414	I2C_test2.elf
Finished building: default.size.stdout
 
14:27:57 **** Incremental Build of configuration Debug for project I2C_test2 ****
make -j12 all 
arm-none-eabi-gcc "../Core/Src/main.c" -mcpu=cortex-m7 -std=gnu11 -g3 -DDEBUG -DUSE_HAL_DRIVER -DSTM32F746xx -c -I../Core/Inc -I../Drivers/STM32F7xx_HAL_Driver/Inc -I../Drivers/STM32F7xx_HAL_Driver/Inc/Legacy -I../Drivers/CMSIS/Device/ST/STM32F7xx/Include -I../Drivers/CMSIS/Include -O0 -ffunction-sections -fdata-sections -Wall -fstack-usage -fcyclomatic-complexity -MMD -MP -MF"Core/Src/main.d" -MT"Core/Src/main.o" --specs=nano.specs -mfpu=fpv5-sp-d16 -mfloat-abi=hard -mthumb -o "Core/Src/main.o"
arm-none-eabi-gcc -o "I2C_test2.elf" @"objects.list"   -mcpu=cortex-m7 -T"/home/invadl0640/Desktop/STM32 Codes/I2C_test2/STM32F746NGHX_FLASH.ld" --specs=nosys.specs -Wl,-Map="I2C_test2.map" -Wl,--gc-sections -static --specs=nano.specs -mfpu=fpv5-sp-d16 -mfloat-abi=hard -mthumb -Wl,--start-group -lc -lm -Wl,--end-group
Finished building target: I2C_test2.elf
 
arm-none-eabi-size  I2C_test2.elf 
arm-none-eabi-objdump -h -S I2C_test2.elf  > "I2C_test2.list"
   text	   data	    bss	    dec	    hex	filename
  11652	     20	   1660	  13332	   3414	I2C_test2.elf
Finished building: default.size.stdout
 
Finished building: I2C_test2.list
 
14:28:10 **** Incremental Build of configuration Debug for project I2C_test2 ****
make -j12 all 
arm-none-eabi-size  I2C_test2.elf 
   text	   data	    bss	    dec	    hex	filename
  11652	     20	   1660	  13332	   3414	I2C_test2.elf
Finished building: default.size.stdout
 
14:59:59 **** Build of configuration Debug for project i2c_bit_banging ****
make -j12 all 
arm-none-eabi-gcc "../Drivers/STM32F7xx_HAL_Driver/Src/stm32f7xx_hal.c" -mcpu=cortex-m7 -std=gnu11 -g3 -DDEBUG -DUSE_HAL_DRIVER -DSTM32F746xx -c -I../Core/Inc -I../Drivers/STM32F7xx_HAL_Driver/Inc -I../Drivers/STM32F7xx_HAL_Driver/Inc/Legacy -I../Drivers/CMSIS/Device/ST/STM32F7xx/Include -I../Drivers/CMSIS/Include -O0 -ffunction-sections -fdata-sections -Wall -fstack-usage -fcyclomatic-complexity -MMD -MP -MF"Drivers/STM32F7xx_HAL_Driver/Src/stm32f7xx_hal.d" -MT"Drivers/STM32F7xx_HAL_Driver/Src/stm32f7xx_hal.o" --specs=nano.specs -mfpu=fpv5-sp-d16 -mfloat-abi=hard -mthumb -o "Drivers/STM32F7xx_HAL_Driver/Src/stm32f7xx_hal.o"
arm-none-eabi-gcc "../Drivers/STM32F7xx_HAL_Driver/Src/stm32f7xx_hal_cortex.c" -mcpu=cortex-m7 -std=gnu11 -g3 -DDEBUG -DUSE_HAL_DRIVER -DSTM32F746xx -c -I../Core/Inc -I../Drivers/STM32F7xx_HAL_Driver/Inc -I../Drivers/STM32F7xx_HAL_Driver/Inc/Legacy -I../Drivers/CMSIS/Device/ST/STM32F7xx/Include -I../Drivers/CMSIS/Include -O0 -ffunction-sections -fdata-sections -Wall -fstack-usage -fcyclomatic-complexity -MMD -MP -MF"Drivers/STM32F7xx_HAL_Driver/Src/stm32f7xx_hal_cortex.d" -MT"Drivers/STM32F7xx_HAL_Driver/Src/stm32f7xx_hal_cortex.o" --specs=nano.specs -mfpu=fpv5-sp-d16 -mfloat-abi=hard -mthumb -o "Drivers/STM32F7xx_HAL_Driver/Src/stm32f7xx_hal_cortex.o"
arm-none-eabi-gcc "../Drivers/STM32F7xx_HAL_Driver/Src/stm32f7xx_hal_dma.c" -mcpu=cortex-m7 -std=gnu11 -g3 -DDEBUG -DUSE_HAL_DRIVER -DSTM32F746xx -c -I../Core/Inc -I../Drivers/STM32F7xx_HAL_Driver/Inc -I../Drivers/STM32F7xx_HAL_Driver/Inc/Legacy -I../Drivers/CMSIS/Device/ST/STM32F7xx/Include -I../Drivers/CMSIS/Include -O0 -ffunction-sections -fdata-sections -Wall -fstack-usage -fcyclomatic-complexity -MMD -MP -MF"Drivers/STM32F7xx_HAL_Driver/Src/stm32f7xx_hal_dma.d" -MT"Drivers/STM32F7xx_HAL_Driver/Src/stm32f7xx_hal_dma.o" --specs=nano.specs -mfpu=fpv5-sp-d16 -mfloat-abi=hard -mthumb -o "Drivers/STM32F7xx_HAL_Driver/Src/stm32f7xx_hal_dma.o"
arm-none-eabi-gcc "../Drivers/STM32F7xx_HAL_Driver/Src/stm32f7xx_hal_dma_ex.c" -mcpu=cortex-m7 -std=gnu11 -g3 -DDEBUG -DUSE_HAL_DRIVER -DSTM32F746xx -c -I../Core/Inc -I../Drivers/STM32F7xx_HAL_Driver/Inc -I../Drivers/STM32F7xx_HAL_Driver/Inc/Legacy -I../Drivers/CMSIS/Device/ST/STM32F7xx/Include -I../Drivers/CMSIS/Include -O0 -ffunction-sections -fdata-sections -Wall -fstack-usage -fcyclomatic-complexity -MMD -MP -MF"Drivers/STM32F7xx_HAL_Driver/Src/stm32f7xx_hal_dma_ex.d" -MT"Drivers/STM32F7xx_HAL_Driver/Src/stm32f7xx_hal_dma_ex.o" --specs=nano.specs -mfpu=fpv5-sp-d16 -mfloat-abi=hard -mthumb -o "Drivers/STM32F7xx_HAL_Driver/Src/stm32f7xx_hal_dma_ex.o"
arm-none-eabi-gcc "../Drivers/STM32F7xx_HAL_Driver/Src/stm32f7xx_hal_exti.c" -mcpu=cortex-m7 -std=gnu11 -g3 -DDEBUG -DUSE_HAL_DRIVER -DSTM32F746xx -c -I../Core/Inc -I../Drivers/STM32F7xx_HAL_Driver/Inc -I../Drivers/STM32F7xx_HAL_Driver/Inc/Legacy -I../Drivers/CMSIS/Device/ST/STM32F7xx/Include -I../Drivers/CMSIS/Include -O0 -ffunction-sections -fdata-sections -Wall -fstack-usage -fcyclomatic-complexity -MMD -MP -MF"Drivers/STM32F7xx_HAL_Driver/Src/stm32f7xx_hal_exti.d" -MT"Drivers/STM32F7xx_HAL_Driver/Src/stm32f7xx_hal_exti.o" --specs=nano.specs -mfpu=fpv5-sp-d16 -mfloat-abi=hard -mthumb -o "Drivers/STM32F7xx_HAL_Driver/Src/stm32f7xx_hal_exti.o"
arm-none-eabi-gcc "../Drivers/STM32F7xx_HAL_Driver/Src/stm32f7xx_hal_flash.c" -mcpu=cortex-m7 -std=gnu11 -g3 -DDEBUG -DUSE_HAL_DRIVER -DSTM32F746xx -c -I../Core/Inc -I../Drivers/STM32F7xx_HAL_Driver/Inc -I../Drivers/STM32F7xx_HAL_Driver/Inc/Legacy -I../Drivers/CMSIS/Device/ST/STM32F7xx/Include -I../Drivers/CMSIS/Include -O0 -ffunction-sections -fdata-sections -Wall -fstack-usage -fcyclomatic-complexity -MMD -MP -MF"Drivers/STM32F7xx_HAL_Driver/Src/stm32f7xx_hal_flash.d" -MT"Drivers/STM32F7xx_HAL_Driver/Src/stm32f7xx_hal_flash.o" --specs=nano.specs -mfpu=fpv5-sp-d16 -mfloat-abi=hard -mthumb -o "Drivers/STM32F7xx_HAL_Driver/Src/stm32f7xx_hal_flash.o"
arm-none-eabi-gcc "../Drivers/STM32F7xx_HAL_Driver/Src/stm32f7xx_hal_flash_ex.c" -mcpu=cortex-m7 -std=gnu11 -g3 -DDEBUG -DUSE_HAL_DRIVER -DSTM32F746xx -c -I../Core/Inc -I../Drivers/STM32F7xx_HAL_Driver/Inc -I../Drivers/STM32F7xx_HAL_Driver/Inc/Legacy -I../Drivers/CMSIS/Device/ST/STM32F7xx/Include -I../Drivers/CMSIS/Include -O0 -ffunction-sections -fdata-sections -Wall -fstack-usage -fcyclomatic-complexity -MMD -MP -MF"Drivers/STM32F7xx_HAL_Driver/Src/stm32f7xx_hal_flash_ex.d" -MT"Drivers/STM32F7xx_HAL_Driver/Src/stm32f7xx_hal_flash_ex.o" --specs=nano.specs -mfpu=fpv5-sp-d16 -mfloat-abi=hard -mthumb -o "Drivers/STM32F7xx_HAL_Driver/Src/stm32f7xx_hal_flash_ex.o"
arm-none-eabi-gcc "../Drivers/STM32F7xx_HAL_Driver/Src/stm32f7xx_hal_gpio.c" -mcpu=cortex-m7 -std=gnu11 -g3 -DDEBUG -DUSE_HAL_DRIVER -DSTM32F746xx -c -I../Core/Inc -I../Drivers/STM32F7xx_HAL_Driver/Inc -I../Drivers/STM32F7xx_HAL_Driver/Inc/Legacy -I../Drivers/CMSIS/Device/ST/STM32F7xx/Include -I../Drivers/CMSIS/Include -O0 -ffunction-sections -fdata-sections -Wall -fstack-usage -fcyclomatic-complexity -MMD -MP -MF"Drivers/STM32F7xx_HAL_Driver/Src/stm32f7xx_hal_gpio.d" -MT"Drivers/STM32F7xx_HAL_Driver/Src/stm32f7xx_hal_gpio.o" --specs=nano.specs -mfpu=fpv5-sp-d16 -mfloat-abi=hard -mthumb -o "Drivers/STM32F7xx_HAL_Driver/Src/stm32f7xx_hal_gpio.o"
arm-none-eabi-gcc "../Drivers/STM32F7xx_HAL_Driver/Src/stm32f7xx_hal_i2c.c" -mcpu=cortex-m7 -std=gnu11 -g3 -DDEBUG -DUSE_HAL_DRIVER -DSTM32F746xx -c -I../Core/Inc -I../Drivers/STM32F7xx_HAL_Driver/Inc -I../Drivers/STM32F7xx_HAL_Driver/Inc/Legacy -I../Drivers/CMSIS/Device/ST/STM32F7xx/Include -I../Drivers/CMSIS/Include -O0 -ffunction-sections -fdata-sections -Wall -fstack-usage -fcyclomatic-complexity -MMD -MP -MF"Drivers/STM32F7xx_HAL_Driver/Src/stm32f7xx_hal_i2c.d" -MT"Drivers/STM32F7xx_HAL_Driver/Src/stm32f7xx_hal_i2c.o" --specs=nano.specs -mfpu=fpv5-sp-d16 -mfloat-abi=hard -mthumb -o "Drivers/STM32F7xx_HAL_Driver/Src/stm32f7xx_hal_i2c.o"
arm-none-eabi-gcc "../Drivers/STM32F7xx_HAL_Driver/Src/stm32f7xx_hal_i2c_ex.c" -mcpu=cortex-m7 -std=gnu11 -g3 -DDEBUG -DUSE_HAL_DRIVER -DSTM32F746xx -c -I../Core/Inc -I../Drivers/STM32F7xx_HAL_Driver/Inc -I../Drivers/STM32F7xx_HAL_Driver/Inc/Legacy -I../Drivers/CMSIS/Device/ST/STM32F7xx/Include -I../Drivers/CMSIS/Include -O0 -ffunction-sections -fdata-sections -Wall -fstack-usage -fcyclomatic-complexity -MMD -MP -MF"Drivers/STM32F7xx_HAL_Driver/Src/stm32f7xx_hal_i2c_ex.d" -MT"Drivers/STM32F7xx_HAL_Driver/Src/stm32f7xx_hal_i2c_ex.o" --specs=nano.specs -mfpu=fpv5-sp-d16 -mfloat-abi=hard -mthumb -o "Drivers/STM32F7xx_HAL_Driver/Src/stm32f7xx_hal_i2c_ex.o"
arm-none-eabi-gcc "../Drivers/STM32F7xx_HAL_Driver/Src/stm32f7xx_hal_pwr.c" -mcpu=cortex-m7 -std=gnu11 -g3 -DDEBUG -DUSE_HAL_DRIVER -DSTM32F746xx -c -I../Core/Inc -I../Drivers/STM32F7xx_HAL_Driver/Inc -I../Drivers/STM32F7xx_HAL_Driver/Inc/Legacy -I../Drivers/CMSIS/Device/ST/STM32F7xx/Include -I../Drivers/CMSIS/Include -O0 -ffunction-sections -fdata-sections -Wall -fstack-usage -fcyclomatic-complexity -MMD -MP -MF"Drivers/STM32F7xx_HAL_Driver/Src/stm32f7xx_hal_pwr.d" -MT"Drivers/STM32F7xx_HAL_Driver/Src/stm32f7xx_hal_pwr.o" --specs=nano.specs -mfpu=fpv5-sp-d16 -mfloat-abi=hard -mthumb -o "Drivers/STM32F7xx_HAL_Driver/Src/stm32f7xx_hal_pwr.o"
arm-none-eabi-gcc "../Drivers/STM32F7xx_HAL_Driver/Src/stm32f7xx_hal_pwr_ex.c" -mcpu=cortex-m7 -std=gnu11 -g3 -DDEBUG -DUSE_HAL_DRIVER -DSTM32F746xx -c -I../Core/Inc -I../Drivers/STM32F7xx_HAL_Driver/Inc -I../Drivers/STM32F7xx_HAL_Driver/Inc/Legacy -I../Drivers/CMSIS/Device/ST/STM32F7xx/Include -I../Drivers/CMSIS/Include -O0 -ffunction-sections -fdata-sections -Wall -fstack-usage -fcyclomatic-complexity -MMD -MP -MF"Drivers/STM32F7xx_HAL_Driver/Src/stm32f7xx_hal_pwr_ex.d" -MT"Drivers/STM32F7xx_HAL_Driver/Src/stm32f7xx_hal_pwr_ex.o" --specs=nano.specs -mfpu=fpv5-sp-d16 -mfloat-abi=hard -mthumb -o "Drivers/STM32F7xx_HAL_Driver/Src/stm32f7xx_hal_pwr_ex.o"
arm-none-eabi-gcc "../Drivers/STM32F7xx_HAL_Driver/Src/stm32f7xx_hal_rcc.c" -mcpu=cortex-m7 -std=gnu11 -g3 -DDEBUG -DUSE_HAL_DRIVER -DSTM32F746xx -c -I../Core/Inc -I../Drivers/STM32F7xx_HAL_Driver/Inc -I../Drivers/STM32F7xx_HAL_Driver/Inc/Legacy -I../Drivers/CMSIS/Device/ST/STM32F7xx/Include -I../Drivers/CMSIS/Include -O0 -ffunction-sections -fdata-sections -Wall -fstack-usage -fcyclomatic-complexity -MMD -MP -MF"Drivers/STM32F7xx_HAL_Driver/Src/stm32f7xx_hal_rcc.d" -MT"Drivers/STM32F7xx_HAL_Driver/Src/stm32f7xx_hal_rcc.o" --specs=nano.specs -mfpu=fpv5-sp-d16 -mfloat-abi=hard -mthumb -o "Drivers/STM32F7xx_HAL_Driver/Src/stm32f7xx_hal_rcc.o"
arm-none-eabi-gcc "../Drivers/STM32F7xx_HAL_Driver/Src/stm32f7xx_hal_rcc_ex.c" -mcpu=cortex-m7 -std=gnu11 -g3 -DDEBUG -DUSE_HAL_DRIVER -DSTM32F746xx -c -I../Core/Inc -I../Drivers/STM32F7xx_HAL_Driver/Inc -I../Drivers/STM32F7xx_HAL_Driver/Inc/Legacy -I../Drivers/CMSIS/Device/ST/STM32F7xx/Include -I../Drivers/CMSIS/Include -O0 -ffunction-sections -fdata-sections -Wall -fstack-usage -fcyclomatic-complexity -MMD -MP -MF"Drivers/STM32F7xx_HAL_Driver/Src/stm32f7xx_hal_rcc_ex.d" -MT"Drivers/STM32F7xx_HAL_Driver/Src/stm32f7xx_hal_rcc_ex.o" --specs=nano.specs -mfpu=fpv5-sp-d16 -mfloat-abi=hard -mthumb -o "Drivers/STM32F7xx_HAL_Driver/Src/stm32f7xx_hal_rcc_ex.o"
arm-none-eabi-gcc -mcpu=cortex-m7 -g3 -DDEBUG -c -x assembler-with-cpp -MMD -MP -MF"Core/Startup/startup_stm32f746nghx.d" -MT"Core/Startup/startup_stm32f746nghx.o" --specs=nano.specs -mfpu=fpv5-sp-d16 -mfloat-abi=hard -mthumb -o "Core/Startup/startup_stm32f746nghx.o" "../Core/Startup/startup_stm32f746nghx.s"
arm-none-eabi-gcc "../Core/Src/main.c" -mcpu=cortex-m7 -std=gnu11 -g3 -DDEBUG -DUSE_HAL_DRIVER -DSTM32F746xx -c -I../Core/Inc -I../Drivers/STM32F7xx_HAL_Driver/Inc -I../Drivers/STM32F7xx_HAL_Driver/Inc/Legacy -I../Drivers/CMSIS/Device/ST/STM32F7xx/Include -I../Drivers/CMSIS/Include -O0 -ffunction-sections -fdata-sections -Wall -fstack-usage -fcyclomatic-complexity -MMD -MP -MF"Core/Src/main.d" -MT"Core/Src/main.o" --specs=nano.specs -mfpu=fpv5-sp-d16 -mfloat-abi=hard -mthumb -o "Core/Src/main.o"
arm-none-eabi-gcc "../Core/Src/stm32f7xx_hal_msp.c" -mcpu=cortex-m7 -std=gnu11 -g3 -DDEBUG -DUSE_HAL_DRIVER -DSTM32F746xx -c -I../Core/Inc -I../Drivers/STM32F7xx_HAL_Driver/Inc -I../Drivers/STM32F7xx_HAL_Driver/Inc/Legacy -I../Drivers/CMSIS/Device/ST/STM32F7xx/Include -I../Drivers/CMSIS/Include -O0 -ffunction-sections -fdata-sections -Wall -fstack-usage -fcyclomatic-complexity -MMD -MP -MF"Core/Src/stm32f7xx_hal_msp.d" -MT"Core/Src/stm32f7xx_hal_msp.o" --specs=nano.specs -mfpu=fpv5-sp-d16 -mfloat-abi=hard -mthumb -o "Core/Src/stm32f7xx_hal_msp.o"
arm-none-eabi-gcc "../Core/Src/stm32f7xx_it.c" -mcpu=cortex-m7 -std=gnu11 -g3 -DDEBUG -DUSE_HAL_DRIVER -DSTM32F746xx -c -I../Core/Inc -I../Drivers/STM32F7xx_HAL_Driver/Inc -I../Drivers/STM32F7xx_HAL_Driver/Inc/Legacy -I../Drivers/CMSIS/Device/ST/STM32F7xx/Include -I../Drivers/CMSIS/Include -O0 -ffunction-sections -fdata-sections -Wall -fstack-usage -fcyclomatic-complexity -MMD -MP -MF"Core/Src/stm32f7xx_it.d" -MT"Core/Src/stm32f7xx_it.o" --specs=nano.specs -mfpu=fpv5-sp-d16 -mfloat-abi=hard -mthumb -o "Core/Src/stm32f7xx_it.o"
arm-none-eabi-gcc "../Core/Src/syscalls.c" -mcpu=cortex-m7 -std=gnu11 -g3 -DDEBUG -DUSE_HAL_DRIVER -DSTM32F746xx -c -I../Core/Inc -I../Drivers/STM32F7xx_HAL_Driver/Inc -I../Drivers/STM32F7xx_HAL_Driver/Inc/Legacy -I../Drivers/CMSIS/Device/ST/STM32F7xx/Include -I../Drivers/CMSIS/Include -O0 -ffunction-sections -fdata-sections -Wall -fstack-usage -fcyclomatic-complexity -MMD -MP -MF"Core/Src/syscalls.d" -MT"Core/Src/syscalls.o" --specs=nano.specs -mfpu=fpv5-sp-d16 -mfloat-abi=hard -mthumb -o "Core/Src/syscalls.o"
arm-none-eabi-gcc "../Core/Src/sysmem.c" -mcpu=cortex-m7 -std=gnu11 -g3 -DDEBUG -DUSE_HAL_DRIVER -DSTM32F746xx -c -I../Core/Inc -I../Drivers/STM32F7xx_HAL_Driver/Inc -I../Drivers/STM32F7xx_HAL_Driver/Inc/Legacy -I../Drivers/CMSIS/Device/ST/STM32F7xx/Include -I../Drivers/CMSIS/Include -O0 -ffunction-sections -fdata-sections -Wall -fstack-usage -fcyclomatic-complexity -MMD -MP -MF"Core/Src/sysmem.d" -MT"Core/Src/sysmem.o" --specs=nano.specs -mfpu=fpv5-sp-d16 -mfloat-abi=hard -mthumb -o "Core/Src/sysmem.o"
arm-none-eabi-gcc "../Core/Src/system_stm32f7xx.c" -mcpu=cortex-m7 -std=gnu11 -g3 -DDEBUG -DUSE_HAL_DRIVER -DSTM32F746xx -c -I../Core/Inc -I../Drivers/STM32F7xx_HAL_Driver/Inc -I../Drivers/STM32F7xx_HAL_Driver/Inc/Legacy -I../Drivers/CMSIS/Device/ST/STM32F7xx/Include -I../Drivers/CMSIS/Include -O0 -ffunction-sections -fdata-sections -Wall -fstack-usage -fcyclomatic-complexity -MMD -MP -MF"Core/Src/system_stm32f7xx.d" -MT"Core/Src/system_stm32f7xx.o" --specs=nano.specs -mfpu=fpv5-sp-d16 -mfloat-abi=hard -mthumb -o "Core/Src/system_stm32f7xx.o"
arm-none-eabi-gcc -o "i2c_bit_banging.elf" @"objects.list"   -mcpu=cortex-m7 -T"/home/invadl0640/Desktop/STM32 Codes/i2c_bit_banging/STM32F746NGHX_FLASH.ld" --specs=nosys.specs -Wl,-Map="i2c_bit_banging.map" -Wl,--gc-sections -static --specs=nano.specs -mfpu=fpv5-sp-d16 -mfloat-abi=hard -mthumb -Wl,--start-group -lc -lm -Wl,--end-group
Finished building target: i2c_bit_banging.elf
 
arm-none-eabi-size  i2c_bit_banging.elf 
arm-none-eabi-objdump -h -S i2c_bit_banging.elf  > "i2c_bit_banging.list"
   text	   data	    bss	    dec	    hex	filename
   5164	     12	   1572	   6748	   1a5c	i2c_bit_banging.elf
Finished building: default.size.stdout
 
Finished building: i2c_bit_banging.list
 
15:00:41 **** Incremental Build of configuration Debug for project i2c_bit_banging ****
make -j12 all 
arm-none-eabi-gcc "../Core/Src/main.c" -mcpu=cortex-m7 -std=gnu11 -g3 -DDEBUG -DUSE_HAL_DRIVER -DSTM32F746xx -c -I../Core/Inc -I../Drivers/STM32F7xx_HAL_Driver/Inc -I../Drivers/STM32F7xx_HAL_Driver/Inc/Legacy -I../Drivers/CMSIS/Device/ST/STM32F7xx/Include -I../Drivers/CMSIS/Include -O0 -ffunction-sections -fdata-sections -Wall -fstack-usage -fcyclomatic-complexity -MMD -MP -MF"Core/Src/main.d" -MT"Core/Src/main.o" --specs=nano.specs -mfpu=fpv5-sp-d16 -mfloat-abi=hard -mthumb -o "Core/Src/main.o"
../Core/Src/main.c: In function 'main':
../Core/Src/main.c:81:9: error: expected ';' before ':' token
   81 | clk_high:
      |         ^
make: *** [Core/Src/subdir.mk:34: Core/Src/main.o] Error 1
"make -j12 all" terminated with exit code 2. Build might be incomplete.
15:01:08 **** Incremental Build of configuration Debug for project i2c_bit_banging ****
make -j12 all 
arm-none-eabi-gcc "../Core/Src/main.c" -mcpu=cortex-m7 -std=gnu11 -g3 -DDEBUG -DUSE_HAL_DRIVER -DSTM32F746xx -c -I../Core/Inc -I../Drivers/STM32F7xx_HAL_Driver/Inc -I../Drivers/STM32F7xx_HAL_Driver/Inc/Legacy -I../Drivers/CMSIS/Device/ST/STM32F7xx/Include -I../Drivers/CMSIS/Include -O0 -ffunction-sections -fdata-sections -Wall -fstack-usage -fcyclomatic-complexity -MMD -MP -MF"Core/Src/main.d" -MT"Core/Src/main.o" --specs=nano.specs -mfpu=fpv5-sp-d16 -mfloat-abi=hard -mthumb -o "Core/Src/main.o"
arm-none-eabi-gcc -o "i2c_bit_banging.elf" @"objects.list"   -mcpu=cortex-m7 -T"/home/invadl0640/Desktop/STM32 Codes/i2c_bit_banging/STM32F746NGHX_FLASH.ld" --specs=nosys.specs -Wl,-Map="i2c_bit_banging.map" -Wl,--gc-sections -static --specs=nano.specs -mfpu=fpv5-sp-d16 -mfloat-abi=hard -mthumb -Wl,--start-group -lc -lm -Wl,--end-group
Finished building target: i2c_bit_banging.elf
 
arm-none-eabi-size  i2c_bit_banging.elf 
arm-none-eabi-objdump -h -S i2c_bit_banging.elf  > "i2c_bit_banging.list"
   text	   data	    bss	    dec	    hex	filename
   5216	     12	   1572	   6800	   1a90	i2c_bit_banging.elf
Finished building: default.size.stdout
 
Finished building: i2c_bit_banging.list
 
09:13:02 **** Incremental Build of configuration Debug for project i2c_bit_banging ****
make -j12 all 
arm-none-eabi-gcc "../Core/Src/main.c" -mcpu=cortex-m7 -std=gnu11 -g3 -DDEBUG -DUSE_HAL_DRIVER -DSTM32F746xx -c -I../Core/Inc -I../Drivers/STM32F7xx_HAL_Driver/Inc -I../Drivers/STM32F7xx_HAL_Driver/Inc/Legacy -I../Drivers/CMSIS/Device/ST/STM32F7xx/Include -I../Drivers/CMSIS/Include -O0 -ffunction-sections -fdata-sections -Wall -fstack-usage -fcyclomatic-complexity -MMD -MP -MF"Core/Src/main.d" -MT"Core/Src/main.o" --specs=nano.specs -mfpu=fpv5-sp-d16 -mfloat-abi=hard -mthumb -o "Core/Src/main.o"
../Core/Src/main.c:82:16: error: unknown type name 'unit8_t'; did you mean 'uint8_t'?
   82 | bool write_bit(unit8_t byte, bool do_start, bool do_stop);
      |                ^~~~~~~
      |                uint8_t
../Core/Src/main.c: In function 'write_byte':
../Core/Src/main.c:173:46: error: invalid operands to binary & (have 'uint8_t *' {aka 'unsigned char *'} and 'int')
  173 |                         write_bit( writeData & 0x80);
      |                                    ~~~~~~~~~ ^
      |                                    |
      |                                    uint8_t * {aka unsigned char *}
../Core/Src/main.c: At top level:
../Core/Src/main.c:181:6: error: conflicting types for 'read_byte'; have 'void(_Bool,  _Bool)'
  181 | void read_byte(bool ack, bool do_stop)
      |      ^~~~~~~~~
../Core/Src/main.c:83:9: note: previous declaration of 'read_byte' with type 'uint8_t(_Bool,  _Bool)' {aka 'unsigned char(_Bool,  _Bool)'}
   83 | uint8_t read_byte(bool ack, bool do_stop);
      |         ^~~~~~~~~
../Core/Src/main.c: In function 'read_byte':
../Core/Src/main.c:197:24: warning: 'return' with a value, in function returning void [-Wreturn-type]
  197 |                 return byte;
      |                        ^~~~
../Core/Src/main.c:181:6: note: declared here
  181 | void read_byte(bool ack, bool do_stop)
      |      ^~~~~~~~~
../Core/Src/main.c: In function 'write_bit':
../Core/Src/main.c:206:9: warning: implicit declaration of function 'i2c_delay' [-Wimplicit-function-declaration]
  206 |         i2c_delay();
      |         ^~~~~~~~~
make: *** [Core/Src/subdir.mk:34: Core/Src/main.o] Error 1
"make -j12 all" terminated with exit code 2. Build might be incomplete.
09:13:27 **** Incremental Build of configuration Debug for project i2c_bit_banging ****
make -j12 all 
arm-none-eabi-gcc "../Core/Src/main.c" -mcpu=cortex-m7 -std=gnu11 -g3 -DDEBUG -DUSE_HAL_DRIVER -DSTM32F746xx -c -I../Core/Inc -I../Drivers/STM32F7xx_HAL_Driver/Inc -I../Drivers/STM32F7xx_HAL_Driver/Inc/Legacy -I../Drivers/CMSIS/Device/ST/STM32F7xx/Include -I../Drivers/CMSIS/Include -O0 -ffunction-sections -fdata-sections -Wall -fstack-usage -fcyclomatic-complexity -MMD -MP -MF"Core/Src/main.d" -MT"Core/Src/main.o" --specs=nano.specs -mfpu=fpv5-sp-d16 -mfloat-abi=hard -mthumb -o "Core/Src/main.o"
../Core/Src/main.c:82:6: error: conflicting types for 'write_bit'; have '_Bool(uint8_t,  _Bool,  _Bool)' {aka '_Bool(unsigned char,  _Bool,  _Bool)'}
   82 | bool write_bit(uint8_t byte, bool do_start, bool do_stop);
      |      ^~~~~~~~~
../Core/Src/main.c:80:6: note: previous declaration of 'write_bit' with type 'void(uint8_t)' {aka 'void(unsigned char)'}
   80 | void write_bit(uint8_t bit);
      |      ^~~~~~~~~
../Core/Src/main.c: In function 'write_byte':
../Core/Src/main.c:173:46: error: invalid operands to binary & (have 'uint8_t *' {aka 'unsigned char *'} and 'int')
  173 |                         write_bit( writeData & 0x80);
      |                                    ~~~~~~~~~ ^
      |                                    |
      |                                    uint8_t * {aka unsigned char *}
../Core/Src/main.c:173:25: error: too few arguments to function 'write_bit'
  173 |                         write_bit( writeData & 0x80);
      |                         ^~~~~~~~~
../Core/Src/main.c:82:6: note: declared here
   82 | bool write_bit(uint8_t byte, bool do_start, bool do_stop);
      |      ^~~~~~~~~
../Core/Src/main.c: At top level:
../Core/Src/main.c:181:6: error: conflicting types for 'read_byte'; have 'void(_Bool,  _Bool)'
  181 | void read_byte(bool ack, bool do_stop)
      |      ^~~~~~~~~
../Core/Src/main.c:83:9: note: previous declaration of 'read_byte' with type 'uint8_t(_Bool,  _Bool)' {aka 'unsigned char(_Bool,  _Bool)'}
   83 | uint8_t read_byte(bool ack, bool do_stop);
      |         ^~~~~~~~~
../Core/Src/main.c: In function 'read_byte':
../Core/Src/main.c:192:17: error: too few arguments to function 'write_bit'
  192 |                 write_bit(!ack);  // ack = 1 → send ACK (pull SDA low), ack = 0 → send NACK
      |                 ^~~~~~~~~
../Core/Src/main.c:82:6: note: declared here
   82 | bool write_bit(uint8_t byte, bool do_start, bool do_stop);
      |      ^~~~~~~~~
../Core/Src/main.c:197:24: warning: 'return' with a value, in function returning void [-Wreturn-type]
  197 |                 return byte;
      |                        ^~~~
../Core/Src/main.c:181:6: note: declared here
  181 | void read_byte(bool ack, bool do_stop)
      |      ^~~~~~~~~
../Core/Src/main.c: In function 'write_bit':
../Core/Src/main.c:206:9: warning: implicit declaration of function 'i2c_delay' [-Wimplicit-function-declaration]
  206 |         i2c_delay();
      |         ^~~~~~~~~
make: *** [Core/Src/subdir.mk:34: Core/Src/main.o] Error 1
"make -j12 all" terminated with exit code 2. Build might be incomplete.
09:14:07 **** Incremental Build of configuration Debug for project i2c_bit_banging ****
make -j12 all 
arm-none-eabi-gcc "../Core/Src/main.c" -mcpu=cortex-m7 -std=gnu11 -g3 -DDEBUG -DUSE_HAL_DRIVER -DSTM32F746xx -c -I../Core/Inc -I../Drivers/STM32F7xx_HAL_Driver/Inc -I../Drivers/STM32F7xx_HAL_Driver/Inc/Legacy -I../Drivers/CMSIS/Device/ST/STM32F7xx/Include -I../Drivers/CMSIS/Include -O0 -ffunction-sections -fdata-sections -Wall -fstack-usage -fcyclomatic-complexity -MMD -MP -MF"Core/Src/main.d" -MT"Core/Src/main.o" --specs=nano.specs -mfpu=fpv5-sp-d16 -mfloat-abi=hard -mthumb -o "Core/Src/main.o"
../Core/Src/main.c: In function 'write_byte':
../Core/Src/main.c:173:46: error: invalid operands to binary & (have 'uint8_t *' {aka 'unsigned char *'} and 'int')
  173 |                         write_bit( writeData & 0x80);
      |                                    ~~~~~~~~~ ^
      |                                    |
      |                                    uint8_t * {aka unsigned char *}
../Core/Src/main.c: At top level:
../Core/Src/main.c:181:6: error: conflicting types for 'read_byte'; have 'void(_Bool,  _Bool)'
  181 | void read_byte(bool ack, bool do_stop)
      |      ^~~~~~~~~
../Core/Src/main.c:83:9: note: previous declaration of 'read_byte' with type 'uint8_t(_Bool,  _Bool)' {aka 'unsigned char(_Bool,  _Bool)'}
   83 | uint8_t read_byte(bool ack, bool do_stop);
      |         ^~~~~~~~~
../Core/Src/main.c: In function 'read_byte':
../Core/Src/main.c:197:24: warning: 'return' with a value, in function returning void [-Wreturn-type]
  197 |                 return byte;
      |                        ^~~~
../Core/Src/main.c:181:6: note: declared here
  181 | void read_byte(bool ack, bool do_stop)
      |      ^~~~~~~~~
../Core/Src/main.c: In function 'write_bit':
../Core/Src/main.c:206:9: warning: implicit declaration of function 'i2c_delay' [-Wimplicit-function-declaration]
  206 |         i2c_delay();
      |         ^~~~~~~~~
make: *** [Core/Src/subdir.mk:34: Core/Src/main.o] Error 1
"make -j12 all" terminated with exit code 2. Build might be incomplete.
09:15:18 **** Incremental Build of configuration Debug for project i2c_bit_banging ****
make -j12 all 
arm-none-eabi-gcc "../Core/Src/main.c" -mcpu=cortex-m7 -std=gnu11 -g3 -DDEBUG -DUSE_HAL_DRIVER -DSTM32F746xx -c -I../Core/Inc -I../Drivers/STM32F7xx_HAL_Driver/Inc -I../Drivers/STM32F7xx_HAL_Driver/Inc/Legacy -I../Drivers/CMSIS/Device/ST/STM32F7xx/Include -I../Drivers/CMSIS/Include -O0 -ffunction-sections -fdata-sections -Wall -fstack-usage -fcyclomatic-complexity -MMD -MP -MF"Core/Src/main.d" -MT"Core/Src/main.o" --specs=nano.specs -mfpu=fpv5-sp-d16 -mfloat-abi=hard -mthumb -o "Core/Src/main.o"
../Core/Src/main.c: In function 'write_byte':
../Core/Src/main.c:178:46: error: invalid operands to binary & (have 'uint8_t *' {aka 'unsigned char *'} and 'int')
  178 |                         write_bit( writeData & 0x80);
      |                                    ~~~~~~~~~ ^
      |                                    |
      |                                    uint8_t * {aka unsigned char *}
../Core/Src/main.c: At top level:
../Core/Src/main.c:186:6: error: conflicting types for 'read_byte'; have 'void(_Bool,  _Bool)'
  186 | void read_byte(bool ack, bool do_stop)
      |      ^~~~~~~~~
../Core/Src/main.c:83:9: note: previous declaration of 'read_byte' with type 'uint8_t(_Bool,  _Bool)' {aka 'unsigned char(_Bool,  _Bool)'}
   83 | uint8_t read_byte(bool ack, bool do_stop);
      |         ^~~~~~~~~
../Core/Src/main.c: In function 'read_byte':
../Core/Src/main.c:202:24: warning: 'return' with a value, in function returning void [-Wreturn-type]
  202 |                 return byte;
      |                        ^~~~
../Core/Src/main.c:186:6: note: declared here
  186 | void read_byte(bool ack, bool do_stop)
      |      ^~~~~~~~~
../Core/Src/main.c: In function 'write_bit':
../Core/Src/main.c:211:9: warning: implicit declaration of function 'i2c_delay' [-Wimplicit-function-declaration]
  211 |         i2c_delay();
      |         ^~~~~~~~~
make: *** [Core/Src/subdir.mk:34: Core/Src/main.o] Error 1
"make -j12 all" terminated with exit code 2. Build might be incomplete.
09:20:21 **** Incremental Build of configuration Debug for project i2c_bit_banging ****
make -j12 all 
arm-none-eabi-gcc "../Core/Src/main.c" -mcpu=cortex-m7 -std=gnu11 -g3 -DDEBUG -DUSE_HAL_DRIVER -DSTM32F746xx -c -I../Core/Inc -I../Drivers/STM32F7xx_HAL_Driver/Inc -I../Drivers/STM32F7xx_HAL_Driver/Inc/Legacy -I../Drivers/CMSIS/Device/ST/STM32F7xx/Include -I../Drivers/CMSIS/Include -O0 -ffunction-sections -fdata-sections -Wall -fstack-usage -fcyclomatic-complexity -MMD -MP -MF"Core/Src/main.d" -MT"Core/Src/main.o" --specs=nano.specs -mfpu=fpv5-sp-d16 -mfloat-abi=hard -mthumb -o "Core/Src/main.o"
../Core/Src/main.c:182:6: error: conflicting types for 'read_bit'; have 'void(void)'
  182 | void read_bit(void)
      |      ^~~~~~~~
../Core/Src/main.c:81:9: note: previous declaration of 'read_bit' with type 'uint8_t(void)' {aka 'unsigned char(void)'}
   81 | uint8_t read_bit(void);
      |         ^~~~~~~~
../Core/Src/main.c: In function 'read_bit':
../Core/Src/main.c:192:16: warning: 'return' with a value, in function returning void [-Wreturn-type]
  192 |         return bit;
      |                ^~~
../Core/Src/main.c:182:6: note: declared here
  182 | void read_bit(void)
      |      ^~~~~~~~
../Core/Src/main.c: In function 'write_byte':
../Core/Src/main.c:204:17: error: 'ack' undeclared (first use in this function)
  204 |                 ack= !read_bit();
      |                 ^~~
../Core/Src/main.c:204:17: note: each undeclared identifier is reported only once for each function it appears in
../Core/Src/main.c:204:22: error: invalid use of void expression
  204 |                 ack= !read_bit();
      |                      ^
../Core/Src/main.c: At top level:
../Core/Src/main.c:209:6: error: conflicting types for 'read_byte'; have 'void(_Bool,  _Bool)'
  209 | void read_byte(bool ack, bool do_stop)
      |      ^~~~~~~~~
../Core/Src/main.c:83:9: note: previous declaration of 'read_byte' with type 'uint8_t(_Bool,  _Bool)' {aka 'unsigned char(_Bool,  _Bool)'}
   83 | uint8_t read_byte(bool ack, bool do_stop);
      |         ^~~~~~~~~
../Core/Src/main.c: In function 'read_byte':
../Core/Src/main.c:216:33: error: void value not ignored as it ought to be
  216 |                         byte |= read_bit();
      |                                 ^~~~~~~~~~
../Core/Src/main.c:225:24: warning: 'return' with a value, in function returning void [-Wreturn-type]
  225 |                 return byte;
      |                        ^~~~
../Core/Src/main.c:209:6: note: declared here
  209 | void read_byte(bool ack, bool do_stop)
      |      ^~~~~~~~~
../Core/Src/main.c: At top level:
../Core/Src/main.c:227:6: error: redefinition of 'write_bit'
  227 | void write_bit(uint8_t bit)
      |      ^~~~~~~~~
../Core/Src/main.c:170:6: note: previous definition of 'write_bit' with type 'void(uint8_t)' {aka 'void(unsigned char)'}
  170 | void write_bit(uint8_t bit)
      |      ^~~~~~~~~
../Core/Src/main.c: In function 'write_bit':
../Core/Src/main.c:234:9: warning: implicit declaration of function 'i2c_delay' [-Wimplicit-function-declaration]
  234 |         i2c_delay();
      |         ^~~~~~~~~
../Core/Src/main.c: In function 'eeprom_read':
../Core/Src/main.c:284:17: error: void value not ignored as it ought to be
  284 |         data[i] = read_byte(ack, false);
      |                 ^
../Core/Src/main.c: In function 'write_byte':
../Core/Src/main.c:208:1: warning: control reaches end of non-void function [-Wreturn-type]
  208 | }
      | ^
make: *** [Core/Src/subdir.mk:34: Core/Src/main.o] Error 1
"make -j12 all" terminated with exit code 2. Build might be incomplete.
09:20:27 **** Incremental Build of configuration Debug for project i2c_bit_banging ****
make -j12 all 
arm-none-eabi-gcc "../Core/Src/main.c" -mcpu=cortex-m7 -std=gnu11 -g3 -DDEBUG -DUSE_HAL_DRIVER -DSTM32F746xx -c -I../Core/Inc -I../Drivers/STM32F7xx_HAL_Driver/Inc -I../Drivers/STM32F7xx_HAL_Driver/Inc/Legacy -I../Drivers/CMSIS/Device/ST/STM32F7xx/Include -I../Drivers/CMSIS/Include -O0 -ffunction-sections -fdata-sections -Wall -fstack-usage -fcyclomatic-complexity -MMD -MP -MF"Core/Src/main.d" -MT"Core/Src/main.o" --specs=nano.specs -mfpu=fpv5-sp-d16 -mfloat-abi=hard -mthumb -o "Core/Src/main.o"
../Core/Src/main.c:182:6: error: conflicting types for 'read_bit'; have 'void(void)'
  182 | void read_bit(void)
      |      ^~~~~~~~
../Core/Src/main.c:81:9: note: previous declaration of 'read_bit' with type 'uint8_t(void)' {aka 'unsigned char(void)'}
   81 | uint8_t read_bit(void);
      |         ^~~~~~~~
../Core/Src/main.c: In function 'read_bit':
../Core/Src/main.c:192:16: warning: 'return' with a value, in function returning void [-Wreturn-type]
  192 |         return bit;
      |                ^~~
../Core/Src/main.c:182:6: note: declared here
  182 | void read_bit(void)
      |      ^~~~~~~~
../Core/Src/main.c: In function 'write_byte':
../Core/Src/main.c:204:17: error: 'ack' undeclared (first use in this function)
  204 |                 ack= !read_bit();
      |                 ^~~
../Core/Src/main.c:204:17: note: each undeclared identifier is reported only once for each function it appears in
../Core/Src/main.c:204:22: error: invalid use of void expression
  204 |                 ack= !read_bit();
      |                      ^
../Core/Src/main.c: At top level:
../Core/Src/main.c:209:6: error: conflicting types for 'read_byte'; have 'void(_Bool,  _Bool)'
  209 | void read_byte(bool ack, bool do_stop)
      |      ^~~~~~~~~
../Core/Src/main.c:83:9: note: previous declaration of 'read_byte' with type 'uint8_t(_Bool,  _Bool)' {aka 'unsigned char(_Bool,  _Bool)'}
   83 | uint8_t read_byte(bool ack, bool do_stop);
      |         ^~~~~~~~~
../Core/Src/main.c: In function 'read_byte':
../Core/Src/main.c:216:33: error: void value not ignored as it ought to be
  216 |                         byte |= read_bit();
      |                                 ^~~~~~~~~~
../Core/Src/main.c:225:24: warning: 'return' with a value, in function returning void [-Wreturn-type]
  225 |                 return byte;
      |                        ^~~~
../Core/Src/main.c:209:6: note: declared here
  209 | void read_byte(bool ack, bool do_stop)
      |      ^~~~~~~~~
../Core/Src/main.c: At top level:
../Core/Src/main.c:227:6: error: redefinition of 'write_bit'
  227 | void write_bit(uint8_t bit)
      |      ^~~~~~~~~
../Core/Src/main.c:170:6: note: previous definition of 'write_bit' with type 'void(uint8_t)' {aka 'void(unsigned char)'}
  170 | void write_bit(uint8_t bit)
      |      ^~~~~~~~~
../Core/Src/main.c: In function 'write_bit':
../Core/Src/main.c:234:9: warning: implicit declaration of function 'i2c_delay' [-Wimplicit-function-declaration]
  234 |         i2c_delay();
      |         ^~~~~~~~~
../Core/Src/main.c: In function 'eeprom_read':
../Core/Src/main.c:284:17: error: void value not ignored as it ought to be
  284 |         data[i] = read_byte(ack, false);
      |                 ^
../Core/Src/main.c: In function 'write_byte':
../Core/Src/main.c:208:1: warning: control reaches end of non-void function [-Wreturn-type]
  208 | }
      | ^
make: *** [Core/Src/subdir.mk:34: Core/Src/main.o] Error 1
"make -j12 all" terminated with exit code 2. Build might be incomplete.
09:20:58 **** Incremental Build of configuration Debug for project i2c_bit_banging ****
make -j12 all 
arm-none-eabi-gcc "../Core/Src/main.c" -mcpu=cortex-m7 -std=gnu11 -g3 -DDEBUG -DUSE_HAL_DRIVER -DSTM32F746xx -c -I../Core/Inc -I../Drivers/STM32F7xx_HAL_Driver/Inc -I../Drivers/STM32F7xx_HAL_Driver/Inc/Legacy -I../Drivers/CMSIS/Device/ST/STM32F7xx/Include -I../Drivers/CMSIS/Include -O0 -ffunction-sections -fdata-sections -Wall -fstack-usage -fcyclomatic-complexity -MMD -MP -MF"Core/Src/main.d" -MT"Core/Src/main.o" --specs=nano.specs -mfpu=fpv5-sp-d16 -mfloat-abi=hard -mthumb -o "Core/Src/main.o"
../Core/Src/main.c: In function 'write_byte':
../Core/Src/main.c:204:17: error: 'ack' undeclared (first use in this function)
  204 |                 ack= !read_bit();
      |                 ^~~
../Core/Src/main.c:204:17: note: each undeclared identifier is reported only once for each function it appears in
../Core/Src/main.c: At top level:
../Core/Src/main.c:209:6: error: conflicting types for 'read_byte'; have 'void(_Bool,  _Bool)'
  209 | void read_byte(bool ack, bool do_stop)
      |      ^~~~~~~~~
../Core/Src/main.c:83:9: note: previous declaration of 'read_byte' with type 'uint8_t(_Bool,  _Bool)' {aka 'unsigned char(_Bool,  _Bool)'}
   83 | uint8_t read_byte(bool ack, bool do_stop);
      |         ^~~~~~~~~
../Core/Src/main.c: In function 'read_byte':
../Core/Src/main.c:225:24: warning: 'return' with a value, in function returning void [-Wreturn-type]
  225 |                 return byte;
      |                        ^~~~
../Core/Src/main.c:209:6: note: declared here
  209 | void read_byte(bool ack, bool do_stop)
      |      ^~~~~~~~~
../Core/Src/main.c: At top level:
../Core/Src/main.c:227:6: error: redefinition of 'write_bit'
  227 | void write_bit(uint8_t bit)
      |      ^~~~~~~~~
../Core/Src/main.c:170:6: note: previous definition of 'write_bit' with type 'void(uint8_t)' {aka 'void(unsigned char)'}
  170 | void write_bit(uint8_t bit)
      |      ^~~~~~~~~
../Core/Src/main.c: In function 'write_bit':
../Core/Src/main.c:234:9: warning: implicit declaration of function 'i2c_delay' [-Wimplicit-function-declaration]
  234 |         i2c_delay();
      |         ^~~~~~~~~
../Core/Src/main.c: At top level:
../Core/Src/main.c:241:9: error: redefinition of 'read_bit'
  241 | uint8_t read_bit(void)
      |         ^~~~~~~~
../Core/Src/main.c:182:9: note: previous definition of 'read_bit' with type 'uint8_t(void)' {aka 'unsigned char(void)'}
  182 | uint8_t read_bit(void)
      |         ^~~~~~~~
../Core/Src/main.c: In function 'eeprom_read':
../Core/Src/main.c:284:17: error: void value not ignored as it ought to be
  284 |         data[i] = read_byte(ack, false);
      |                 ^
../Core/Src/main.c: In function 'write_byte':
../Core/Src/main.c:208:1: warning: control reaches end of non-void function [-Wreturn-type]
  208 | }
      | ^
make: *** [Core/Src/subdir.mk:34: Core/Src/main.o] Error 1
"make -j12 all" terminated with exit code 2. Build might be incomplete.
09:21:31 **** Incremental Build of configuration Debug for project i2c_bit_banging ****
make -j12 all 
arm-none-eabi-gcc "../Core/Src/main.c" -mcpu=cortex-m7 -std=gnu11 -g3 -DDEBUG -DUSE_HAL_DRIVER -DSTM32F746xx -c -I../Core/Inc -I../Drivers/STM32F7xx_HAL_Driver/Inc -I../Drivers/STM32F7xx_HAL_Driver/Inc/Legacy -I../Drivers/CMSIS/Device/ST/STM32F7xx/Include -I../Drivers/CMSIS/Include -O0 -ffunction-sections -fdata-sections -Wall -fstack-usage -fcyclomatic-complexity -MMD -MP -MF"Core/Src/main.d" -MT"Core/Src/main.o" --specs=nano.specs -mfpu=fpv5-sp-d16 -mfloat-abi=hard -mthumb -o "Core/Src/main.o"
../Core/Src/main.c:209:6: error: conflicting types for 'read_byte'; have 'void(_Bool,  _Bool)'
  209 | void read_byte(bool ack, bool do_stop)
      |      ^~~~~~~~~
../Core/Src/main.c:83:9: note: previous declaration of 'read_byte' with type 'uint8_t(_Bool,  _Bool)' {aka 'unsigned char(_Bool,  _Bool)'}
   83 | uint8_t read_byte(bool ack, bool do_stop);
      |         ^~~~~~~~~
../Core/Src/main.c: In function 'read_byte':
../Core/Src/main.c:225:24: warning: 'return' with a value, in function returning void [-Wreturn-type]
  225 |                 return byte;
      |                        ^~~~
../Core/Src/main.c:209:6: note: declared here
  209 | void read_byte(bool ack, bool do_stop)
      |      ^~~~~~~~~
../Core/Src/main.c: At top level:
../Core/Src/main.c:227:6: error: redefinition of 'write_bit'
  227 | void write_bit(uint8_t bit)
      |      ^~~~~~~~~
../Core/Src/main.c:170:6: note: previous definition of 'write_bit' with type 'void(uint8_t)' {aka 'void(unsigned char)'}
  170 | void write_bit(uint8_t bit)
      |      ^~~~~~~~~
../Core/Src/main.c: In function 'write_bit':
../Core/Src/main.c:234:9: warning: implicit declaration of function 'i2c_delay' [-Wimplicit-function-declaration]
  234 |         i2c_delay();
      |         ^~~~~~~~~
../Core/Src/main.c: At top level:
../Core/Src/main.c:241:9: error: redefinition of 'read_bit'
  241 | uint8_t read_bit(void)
      |         ^~~~~~~~
../Core/Src/main.c:182:9: note: previous definition of 'read_bit' with type 'uint8_t(void)' {aka 'unsigned char(void)'}
  182 | uint8_t read_bit(void)
      |         ^~~~~~~~
../Core/Src/main.c: In function 'eeprom_read':
../Core/Src/main.c:284:17: error: void value not ignored as it ought to be
  284 |         data[i] = read_byte(ack, false);
      |                 ^
make: *** [Core/Src/subdir.mk:34: Core/Src/main.o] Error 1
"make -j12 all" terminated with exit code 2. Build might be incomplete.
09:21:53 **** Incremental Build of configuration Debug for project i2c_bit_banging ****
make -j12 all 
arm-none-eabi-gcc "../Core/Src/main.c" -mcpu=cortex-m7 -std=gnu11 -g3 -DDEBUG -DUSE_HAL_DRIVER -DSTM32F746xx -c -I../Core/Inc -I../Drivers/STM32F7xx_HAL_Driver/Inc -I../Drivers/STM32F7xx_HAL_Driver/Inc/Legacy -I../Drivers/CMSIS/Device/ST/STM32F7xx/Include -I../Drivers/CMSIS/Include -O0 -ffunction-sections -fdata-sections -Wall -fstack-usage -fcyclomatic-complexity -MMD -MP -MF"Core/Src/main.d" -MT"Core/Src/main.o" --specs=nano.specs -mfpu=fpv5-sp-d16 -mfloat-abi=hard -mthumb -o "Core/Src/main.o"
../Core/Src/main.c:227:6: error: redefinition of 'write_bit'
  227 | void write_bit(uint8_t bit)
      |      ^~~~~~~~~
../Core/Src/main.c:170:6: note: previous definition of 'write_bit' with type 'void(uint8_t)' {aka 'void(unsigned char)'}
  170 | void write_bit(uint8_t bit)
      |      ^~~~~~~~~
../Core/Src/main.c: In function 'write_bit':
../Core/Src/main.c:234:9: warning: implicit declaration of function 'i2c_delay' [-Wimplicit-function-declaration]
  234 |         i2c_delay();
      |         ^~~~~~~~~
../Core/Src/main.c: At top level:
../Core/Src/main.c:241:9: error: redefinition of 'read_bit'
  241 | uint8_t read_bit(void)
      |         ^~~~~~~~
../Core/Src/main.c:182:9: note: previous definition of 'read_bit' with type 'uint8_t(void)' {aka 'unsigned char(void)'}
  182 | uint8_t read_bit(void)
      |         ^~~~~~~~
make: *** [Core/Src/subdir.mk:34: Core/Src/main.o] Error 1
"make -j12 all" terminated with exit code 2. Build might be incomplete.
09:24:41 **** Incremental Build of configuration Debug for project i2c_bit_banging ****
make -j12 all 
arm-none-eabi-gcc "../Core/Src/main.c" -mcpu=cortex-m7 -std=gnu11 -g3 -DDEBUG -DUSE_HAL_DRIVER -DSTM32F746xx -c -I../Core/Inc -I../Drivers/STM32F7xx_HAL_Driver/Inc -I../Drivers/STM32F7xx_HAL_Driver/Inc/Legacy -I../Drivers/CMSIS/Device/ST/STM32F7xx/Include -I../Drivers/CMSIS/Include -O0 -ffunction-sections -fdata-sections -Wall -fstack-usage -fcyclomatic-complexity -MMD -MP -MF"Core/Src/main.d" -MT"Core/Src/main.o" --specs=nano.specs -mfpu=fpv5-sp-d16 -mfloat-abi=hard -mthumb -o "Core/Src/main.o"
../Core/Src/main.c:227:6: error: redefinition of 'write_bit'
  227 | void write_bit(uint8_t bit)
      |      ^~~~~~~~~
../Core/Src/main.c:170:6: note: previous definition of 'write_bit' with type 'void(uint8_t)' {aka 'void(unsigned char)'}
  170 | void write_bit(uint8_t bit)
      |      ^~~~~~~~~
../Core/Src/main.c:241:9: error: redefinition of 'read_bit'
  241 | uint8_t read_bit(void)
      |         ^~~~~~~~
../Core/Src/main.c:182:9: note: previous definition of 'read_bit' with type 'uint8_t(void)' {aka 'unsigned char(void)'}
  182 | uint8_t read_bit(void)
      |         ^~~~~~~~
make: *** [Core/Src/subdir.mk:34: Core/Src/main.o] Error 1
"make -j12 all" terminated with exit code 2. Build might be incomplete.
09:28:39 **** Incremental Build of configuration Debug for project i2c_bit_banging ****
make -j12 all 
arm-none-eabi-gcc "../Core/Src/main.c" -mcpu=cortex-m7 -std=gnu11 -g3 -DDEBUG -DUSE_HAL_DRIVER -DSTM32F746xx -c -I../Core/Inc -I../Drivers/STM32F7xx_HAL_Driver/Inc -I../Drivers/STM32F7xx_HAL_Driver/Inc/Legacy -I../Drivers/CMSIS/Device/ST/STM32F7xx/Include -I../Drivers/CMSIS/Include -O0 -ffunction-sections -fdata-sections -Wall -fstack-usage -fcyclomatic-complexity -MMD -MP -MF"Core/Src/main.d" -MT"Core/Src/main.o" --specs=nano.specs -mfpu=fpv5-sp-d16 -mfloat-abi=hard -mthumb -o "Core/Src/main.o"
arm-none-eabi-gcc -o "i2c_bit_banging.elf" @"objects.list"   -mcpu=cortex-m7 -T"/home/invadl0640/Desktop/STM32 Codes/i2c_bit_banging/STM32F746NGHX_FLASH.ld" --specs=nosys.specs -Wl,-Map="i2c_bit_banging.map" -Wl,--gc-sections -static --specs=nano.specs -mfpu=fpv5-sp-d16 -mfloat-abi=hard -mthumb -Wl,--start-group -lc -lm -Wl,--end-group
Finished building target: i2c_bit_banging.elf
 
arm-none-eabi-size  i2c_bit_banging.elf 
arm-none-eabi-objdump -h -S i2c_bit_banging.elf  > "i2c_bit_banging.list"
   text	   data	    bss	    dec	    hex	filename
   6032	     28	   1588	   7648	   1de0	i2c_bit_banging.elf
Finished building: default.size.stdout
 
Finished building: i2c_bit_banging.list
 
09:39:21 **** Incremental Build of configuration Debug for project i2c_bit_banging ****
make -j12 all 
arm-none-eabi-gcc "../Core/Src/main.c" -mcpu=cortex-m7 -std=gnu11 -g3 -DDEBUG -DUSE_HAL_DRIVER -DSTM32F746xx -c -I../Core/Inc -I../Drivers/STM32F7xx_HAL_Driver/Inc -I../Drivers/STM32F7xx_HAL_Driver/Inc/Legacy -I../Drivers/CMSIS/Device/ST/STM32F7xx/Include -I../Drivers/CMSIS/Include -O0 -ffunction-sections -fdata-sections -Wall -fstack-usage -fcyclomatic-complexity -MMD -MP -MF"Core/Src/main.d" -MT"Core/Src/main.o" --specs=nano.specs -mfpu=fpv5-sp-d16 -mfloat-abi=hard -mthumb -o "Core/Src/main.o"
arm-none-eabi-gcc -o "i2c_bit_banging.elf" @"objects.list"   -mcpu=cortex-m7 -T"/home/invadl0640/Desktop/STM32 Codes/i2c_bit_banging/STM32F746NGHX_FLASH.ld" --specs=nosys.specs -Wl,-Map="i2c_bit_banging.map" -Wl,--gc-sections -static --specs=nano.specs -mfpu=fpv5-sp-d16 -mfloat-abi=hard -mthumb -Wl,--start-group -lc -lm -Wl,--end-group
Finished building target: i2c_bit_banging.elf
 
arm-none-eabi-size  i2c_bit_banging.elf 
arm-none-eabi-objdump -h -S i2c_bit_banging.elf  > "i2c_bit_banging.list"
   text	   data	    bss	    dec	    hex	filename
   6032	     28	   1588	   7648	   1de0	i2c_bit_banging.elf
Finished building: default.size.stdout
 
Finished building: i2c_bit_banging.list
 
09:39:31 **** Incremental Build of configuration Debug for project i2c_bit_banging ****
make -j12 all 
arm-none-eabi-size  i2c_bit_banging.elf 
   text	   data	    bss	    dec	    hex	filename
   6032	     28	   1588	   7648	   1de0	i2c_bit_banging.elf
Finished building: default.size.stdout
 
09:40:42 **** Build of configuration Debug for project gpio_init_baremetal ****
make -j12 all 
arm-none-eabi-size  gpio_init_baremetal.elf 
   text	   data	    bss	    dec	    hex	filename
   5240	     12	   1572	   6824	   1aa8	gpio_init_baremetal.elf
Finished building: default.size.stdout
 
09:41:40 **** Incremental Build of configuration Debug for project gpio_init_baremetal ****
make -j12 all 
arm-none-eabi-size  gpio_init_baremetal.elf 
   text	   data	    bss	    dec	    hex	filename
   5240	     12	   1572	   6824	   1aa8	gpio_init_baremetal.elf
Finished building: default.size.stdout
 
09:43:19 **** Incremental Build of configuration Debug for project gpio_init_baremetal ****
make -j12 all 
arm-none-eabi-size  gpio_init_baremetal.elf 
   text	   data	    bss	    dec	    hex	filename
   5240	     12	   1572	   6824	   1aa8	gpio_init_baremetal.elf
Finished building: default.size.stdout
 
09:43:52 **** Incremental Build of configuration Debug for project i2c_bit_banging ****
make -j12 all 
arm-none-eabi-size  i2c_bit_banging.elf 
   text	   data	    bss	    dec	    hex	filename
   6032	     28	   1588	   7648	   1de0	i2c_bit_banging.elf
Finished building: default.size.stdout
 
09:43:58 **** Incremental Build of configuration Debug for project i2c_bit_banging ****
make -j12 all 
arm-none-eabi-size  i2c_bit_banging.elf 
   text	   data	    bss	    dec	    hex	filename
   6032	     28	   1588	   7648	   1de0	i2c_bit_banging.elf
Finished building: default.size.stdout
 
09:44:15 **** Incremental Build of configuration Debug for project gpio_init_baremetal ****
make -j12 all 
arm-none-eabi-size  gpio_init_baremetal.elf 
   text	   data	    bss	    dec	    hex	filename
   5240	     12	   1572	   6824	   1aa8	gpio_init_baremetal.elf
Finished building: default.size.stdout
 
09:51:30 **** Incremental Build of configuration Debug for project i2c_bit_banging ****
make -j12 all 
arm-none-eabi-gcc "../Core/Src/main.c" -mcpu=cortex-m7 -std=gnu11 -g3 -DDEBUG -DUSE_HAL_DRIVER -DSTM32F746xx -c -I../Core/Inc -I../Drivers/STM32F7xx_HAL_Driver/Inc -I../Drivers/STM32F7xx_HAL_Driver/Inc/Legacy -I../Drivers/CMSIS/Device/ST/STM32F7xx/Include -I../Drivers/CMSIS/Include -O0 -ffunction-sections -fdata-sections -Wall -fstack-usage -fcyclomatic-complexity -MMD -MP -MF"Core/Src/main.d" -MT"Core/Src/main.o" --specs=nano.specs -mfpu=fpv5-sp-d16 -mfloat-abi=hard -mthumb -o "Core/Src/main.o"
arm-none-eabi-gcc -o "i2c_bit_banging.elf" @"objects.list"   -mcpu=cortex-m7 -T"/home/invadl0640/Desktop/STM32 Codes/i2c_bit_banging/STM32F746NGHX_FLASH.ld" --specs=nosys.specs -Wl,-Map="i2c_bit_banging.map" -Wl,--gc-sections -static --specs=nano.specs -mfpu=fpv5-sp-d16 -mfloat-abi=hard -mthumb -Wl,--start-group -lc -lm -Wl,--end-group
Finished building target: i2c_bit_banging.elf
 
arm-none-eabi-size  i2c_bit_banging.elf 
arm-none-eabi-objdump -h -S i2c_bit_banging.elf  > "i2c_bit_banging.list"
   text	   data	    bss	    dec	    hex	filename
   6108	     28	   1588	   7724	   1e2c	i2c_bit_banging.elf
Finished building: default.size.stdout
 
Finished building: i2c_bit_banging.list
 
09:51:38 **** Incremental Build of configuration Debug for project gpio_init_baremetal ****
make -j12 all 
arm-none-eabi-size  gpio_init_baremetal.elf 
   text	   data	    bss	    dec	    hex	filename
   5240	     12	   1572	   6824	   1aa8	gpio_init_baremetal.elf
Finished building: default.size.stdout
 
09:54:10 **** Incremental Build of configuration Debug for project gpio_init_baremetal ****
make -j12 all 
arm-none-eabi-size  gpio_init_baremetal.elf 
   text	   data	    bss	    dec	    hex	filename
   5240	     12	   1572	   6824	   1aa8	gpio_init_baremetal.elf
Finished building: default.size.stdout
 
09:54:39 **** Incremental Build of configuration Debug for project gpio_init_baremetal ****
make -j12 all 
arm-none-eabi-size  gpio_init_baremetal.elf 
   text	   data	    bss	    dec	    hex	filename
   5240	     12	   1572	   6824	   1aa8	gpio_init_baremetal.elf
Finished building: default.size.stdout
 
09:55:09 **** Incremental Build of configuration Debug for project gpio_init_baremetal ****
make -j12 all 
arm-none-eabi-size  gpio_init_baremetal.elf 
   text	   data	    bss	    dec	    hex	filename
   5240	     12	   1572	   6824	   1aa8	gpio_init_baremetal.elf
Finished building: default.size.stdout
 
09:55:34 **** Incremental Build of configuration Debug for project gpio_init_baremetal ****
make -j12 all 
arm-none-eabi-size  gpio_init_baremetal.elf 
   text	   data	    bss	    dec	    hex	filename
   5240	     12	   1572	   6824	   1aa8	gpio_init_baremetal.elf
Finished building: default.size.stdout
 
09:57:16 **** Incremental Build of configuration Debug for project i2c_bit_banging ****
make -j12 all 
arm-none-eabi-size  i2c_bit_banging.elf 
   text	   data	    bss	    dec	    hex	filename
   6108	     28	   1588	   7724	   1e2c	i2c_bit_banging.elf
Finished building: default.size.stdout
 
09:57:20 **** Incremental Build of configuration Debug for project gpio_init_baremetal ****
make -j12 all 
arm-none-eabi-size  gpio_init_baremetal.elf 
   text	   data	    bss	    dec	    hex	filename
   5240	     12	   1572	   6824	   1aa8	gpio_init_baremetal.elf
Finished building: default.size.stdout
 
09:58:06 **** Incremental Build of configuration Debug for project i2c_bit_banging ****
make -j12 all 
arm-none-eabi-gcc "../Core/Src/main.c" -mcpu=cortex-m7 -std=gnu11 -g3 -DDEBUG -DUSE_HAL_DRIVER -DSTM32F746xx -c -I../Core/Inc -I../Drivers/STM32F7xx_HAL_Driver/Inc -I../Drivers/STM32F7xx_HAL_Driver/Inc/Legacy -I../Drivers/CMSIS/Device/ST/STM32F7xx/Include -I../Drivers/CMSIS/Include -O0 -ffunction-sections -fdata-sections -Wall -fstack-usage -fcyclomatic-complexity -MMD -MP -MF"Core/Src/main.d" -MT"Core/Src/main.o" --specs=nano.specs -mfpu=fpv5-sp-d16 -mfloat-abi=hard -mthumb -o "Core/Src/main.o"
arm-none-eabi-gcc -o "i2c_bit_banging.elf" @"objects.list"   -mcpu=cortex-m7 -T"/home/invadl0640/Desktop/STM32 Codes/i2c_bit_banging/STM32F746NGHX_FLASH.ld" --specs=nosys.specs -Wl,-Map="i2c_bit_banging.map" -Wl,--gc-sections -static --specs=nano.specs -mfpu=fpv5-sp-d16 -mfloat-abi=hard -mthumb -Wl,--start-group -lc -lm -Wl,--end-group
Finished building target: i2c_bit_banging.elf
 
arm-none-eabi-size  i2c_bit_banging.elf 
arm-none-eabi-objdump -h -S i2c_bit_banging.elf  > "i2c_bit_banging.list"
   text	   data	    bss	    dec	    hex	filename
   6108	     28	   1588	   7724	   1e2c	i2c_bit_banging.elf
Finished building: default.size.stdout
 
Finished building: i2c_bit_banging.list
 
09:58:11 **** Incremental Build of configuration Debug for project gpio_init_baremetal ****
make -j12 all 
arm-none-eabi-size  gpio_init_baremetal.elf 
   text	   data	    bss	    dec	    hex	filename
   5240	     12	   1572	   6824	   1aa8	gpio_init_baremetal.elf
Finished building: default.size.stdout
 
10:02:03 **** Incremental Build of configuration Debug for project i2c_bit_banging ****
make -j12 all 
arm-none-eabi-gcc "../Core/Src/main.c" -mcpu=cortex-m7 -std=gnu11 -g3 -DDEBUG -DUSE_HAL_DRIVER -DSTM32F746xx -c -I../Core/Inc -I../Drivers/STM32F7xx_HAL_Driver/Inc -I../Drivers/STM32F7xx_HAL_Driver/Inc/Legacy -I../Drivers/CMSIS/Device/ST/STM32F7xx/Include -I../Drivers/CMSIS/Include -O0 -ffunction-sections -fdata-sections -Wall -fstack-usage -fcyclomatic-complexity -MMD -MP -MF"Core/Src/main.d" -MT"Core/Src/main.o" --specs=nano.specs -mfpu=fpv5-sp-d16 -mfloat-abi=hard -mthumb -o "Core/Src/main.o"
arm-none-eabi-gcc -o "i2c_bit_banging.elf" @"objects.list"   -mcpu=cortex-m7 -T"/home/invadl0640/Desktop/STM32 Codes/i2c_bit_banging/STM32F746NGHX_FLASH.ld" --specs=nosys.specs -Wl,-Map="i2c_bit_banging.map" -Wl,--gc-sections -static --specs=nano.specs -mfpu=fpv5-sp-d16 -mfloat-abi=hard -mthumb -Wl,--start-group -lc -lm -Wl,--end-group
Finished building target: i2c_bit_banging.elf
 
arm-none-eabi-size  i2c_bit_banging.elf 
arm-none-eabi-objdump -h -S i2c_bit_banging.elf  > "i2c_bit_banging.list"
   text	   data	    bss	    dec	    hex	filename
   6100	     28	   1588	   7716	   1e24	i2c_bit_banging.elf
Finished building: default.size.stdout
 
Finished building: i2c_bit_banging.list
 
10:02:10 **** Incremental Build of configuration Debug for project i2c_bit_banging ****
make -j12 all 
arm-none-eabi-size  i2c_bit_banging.elf 
   text	   data	    bss	    dec	    hex	filename
   6100	     28	   1588	   7716	   1e24	i2c_bit_banging.elf
Finished building: default.size.stdout
 
10:02:26 **** Incremental Build of configuration Debug for project gpio_init_baremetal ****
make -j12 all 
arm-none-eabi-size  gpio_init_baremetal.elf 
   text	   data	    bss	    dec	    hex	filename
   5240	     12	   1572	   6824	   1aa8	gpio_init_baremetal.elf
Finished building: default.size.stdout
 
10:04:30 **** Incremental Build of configuration Debug for project i2c_bit_banging ****
make -j12 all 
arm-none-eabi-gcc "../Core/Src/main.c" -mcpu=cortex-m7 -std=gnu11 -g3 -DDEBUG -DUSE_HAL_DRIVER -DSTM32F746xx -c -I../Core/Inc -I../Drivers/STM32F7xx_HAL_Driver/Inc -I../Drivers/STM32F7xx_HAL_Driver/Inc/Legacy -I../Drivers/CMSIS/Device/ST/STM32F7xx/Include -I../Drivers/CMSIS/Include -O0 -ffunction-sections -fdata-sections -Wall -fstack-usage -fcyclomatic-complexity -MMD -MP -MF"Core/Src/main.d" -MT"Core/Src/main.o" --specs=nano.specs -mfpu=fpv5-sp-d16 -mfloat-abi=hard -mthumb -o "Core/Src/main.o"
arm-none-eabi-gcc -o "i2c_bit_banging.elf" @"objects.list"   -mcpu=cortex-m7 -T"/home/invadl0640/Desktop/STM32 Codes/i2c_bit_banging/STM32F746NGHX_FLASH.ld" --specs=nosys.specs -Wl,-Map="i2c_bit_banging.map" -Wl,--gc-sections -static --specs=nano.specs -mfpu=fpv5-sp-d16 -mfloat-abi=hard -mthumb -Wl,--start-group -lc -lm -Wl,--end-group
Finished building target: i2c_bit_banging.elf
 
arm-none-eabi-size  i2c_bit_banging.elf 
arm-none-eabi-objdump -h -S i2c_bit_banging.elf  > "i2c_bit_banging.list"
   text	   data	    bss	    dec	    hex	filename
   6104	     28	   1588	   7720	   1e28	i2c_bit_banging.elf
Finished building: default.size.stdout
 
Finished building: i2c_bit_banging.list
 
10:04:33 **** Incremental Build of configuration Debug for project i2c_bit_banging ****
make -j12 all 
arm-none-eabi-size  i2c_bit_banging.elf 
   text	   data	    bss	    dec	    hex	filename
   6104	     28	   1588	   7720	   1e28	i2c_bit_banging.elf
Finished building: default.size.stdout
 
10:04:41 **** Incremental Build of configuration Debug for project gpio_init_baremetal ****
make -j12 all 
arm-none-eabi-size  gpio_init_baremetal.elf 
   text	   data	    bss	    dec	    hex	filename
   5240	     12	   1572	   6824	   1aa8	gpio_init_baremetal.elf
Finished building: default.size.stdout
 
10:05:36 **** Incremental Build of configuration Debug for project gpio_init_baremetal ****
make -j12 all 
arm-none-eabi-size  gpio_init_baremetal.elf 
   text	   data	    bss	    dec	    hex	filename
   5240	     12	   1572	   6824	   1aa8	gpio_init_baremetal.elf
Finished building: default.size.stdout
 
10:06:16 **** Incremental Build of configuration Debug for project gpio_init_baremetal ****
make -j12 all 
arm-none-eabi-size  gpio_init_baremetal.elf 
   text	   data	    bss	    dec	    hex	filename
   5240	     12	   1572	   6824	   1aa8	gpio_init_baremetal.elf
Finished building: default.size.stdout
 
10:07:28 **** Incremental Build of configuration Debug for project gpio_init_baremetal ****
make -j12 all 
arm-none-eabi-size  gpio_init_baremetal.elf 
   text	   data	    bss	    dec	    hex	filename
   5240	     12	   1572	   6824	   1aa8	gpio_init_baremetal.elf
Finished building: default.size.stdout
 
10:10:45 **** Incremental Build of configuration Debug for project i2c_bit_banging ****
make -j12 all 
arm-none-eabi-size  i2c_bit_banging.elf 
   text	   data	    bss	    dec	    hex	filename
   6104	     28	   1588	   7720	   1e28	i2c_bit_banging.elf
Finished building: default.size.stdout
 
10:10:49 **** Incremental Build of configuration Debug for project i2c_bit_banging ****
make -j12 all 
arm-none-eabi-size  i2c_bit_banging.elf 
   text	   data	    bss	    dec	    hex	filename
   6104	     28	   1588	   7720	   1e28	i2c_bit_banging.elf
Finished building: default.size.stdout
 
10:11:01 **** Incremental Build of configuration Debug for project gpio_init_baremetal ****
make -j12 all 
arm-none-eabi-size  gpio_init_baremetal.elf 
   text	   data	    bss	    dec	    hex	filename
   5240	     12	   1572	   6824	   1aa8	gpio_init_baremetal.elf
Finished building: default.size.stdout
 
10:16:32 **** Incremental Build of configuration Debug for project i2c_bit_banging ****
make -j12 all 
arm-none-eabi-size  i2c_bit_banging.elf 
   text	   data	    bss	    dec	    hex	filename
   6104	     28	   1588	   7720	   1e28	i2c_bit_banging.elf
Finished building: default.size.stdout
 
10:16:44 **** Incremental Build of configuration Debug for project gpio_init_baremetal ****
make -j12 all 
arm-none-eabi-size  gpio_init_baremetal.elf 
   text	   data	    bss	    dec	    hex	filename
   5240	     12	   1572	   6824	   1aa8	gpio_init_baremetal.elf
Finished building: default.size.stdout
 
10:48:17 **** Incremental Build of configuration Debug for project gpio_init_baremetal ****
make -j12 all 
arm-none-eabi-size  gpio_init_baremetal.elf 
   text	   data	    bss	    dec	    hex	filename
   5240	     12	   1572	   6824	   1aa8	gpio_init_baremetal.elf
Finished building: default.size.stdout
 
10:49:56 **** Incremental Build of configuration Debug for project I2C_test2 ****
make -j12 all 
arm-none-eabi-gcc "../Core/Src/main.c" -mcpu=cortex-m7 -std=gnu11 -g3 -DDEBUG -DUSE_HAL_DRIVER -DSTM32F746xx -c -I../Core/Inc -I../Drivers/STM32F7xx_HAL_Driver/Inc -I../Drivers/STM32F7xx_HAL_Driver/Inc/Legacy -I../Drivers/CMSIS/Device/ST/STM32F7xx/Include -I../Drivers/CMSIS/Include -O0 -ffunction-sections -fdata-sections -Wall -fstack-usage -fcyclomatic-complexity -MMD -MP -MF"Core/Src/main.d" -MT"Core/Src/main.o" --specs=nano.specs -mfpu=fpv5-sp-d16 -mfloat-abi=hard -mthumb -o "Core/Src/main.o"
../Core/Src/main.c:35:25: error: 'writeData' undeclared here (not in a function)
   35 | uint8_t readData[sizeof(writeData)] = {0};
      |                         ^~~~~~~~~
../Core/Src/main.c: In function 'main':
../Core/Src/main.c:132:7: error: 'writeStatus' undeclared (first use in this function)
  132 |   if (writeStatus == HAL_OK && readStatus == HAL_OK)
      |       ^~~~~~~~~~~
../Core/Src/main.c:132:7: note: each undeclared identifier is reported only once for each function it appears in
make: *** [Core/Src/subdir.mk:34: Core/Src/main.o] Error 1
"make -j12 all" terminated with exit code 2. Build might be incomplete.
10:50:15 **** Incremental Build of configuration Debug for project I2C_test2 ****
make -j12 all 
arm-none-eabi-gcc "../Core/Src/main.c" -mcpu=cortex-m7 -std=gnu11 -g3 -DDEBUG -DUSE_HAL_DRIVER -DSTM32F746xx -c -I../Core/Inc -I../Drivers/STM32F7xx_HAL_Driver/Inc -I../Drivers/STM32F7xx_HAL_Driver/Inc/Legacy -I../Drivers/CMSIS/Device/ST/STM32F7xx/Include -I../Drivers/CMSIS/Include -O0 -ffunction-sections -fdata-sections -Wall -fstack-usage -fcyclomatic-complexity -MMD -MP -MF"Core/Src/main.d" -MT"Core/Src/main.o" --specs=nano.specs -mfpu=fpv5-sp-d16 -mfloat-abi=hard -mthumb -o "Core/Src/main.o"
../Core/Src/main.c:35:25: error: 'writeData' undeclared here (not in a function)
   35 | uint8_t readData[sizeof(writeData)] = {0};
      |                         ^~~~~~~~~
../Core/Src/main.c: In function 'main':
../Core/Src/main.c:121:21: warning: unused variable 'readStatus' [-Wunused-variable]
  121 |   HAL_StatusTypeDef readStatus = HAL_I2C_Mem_Read(
      |                     ^~~~~~~~~~
make: *** [Core/Src/subdir.mk:34: Core/Src/main.o] Error 1
"make -j12 all" terminated with exit code 2. Build might be incomplete.
10:50:26 **** Incremental Build of configuration Debug for project I2C_test2 ****
make -j12 all 
arm-none-eabi-gcc "../Core/Src/main.c" -mcpu=cortex-m7 -std=gnu11 -g3 -DDEBUG -DUSE_HAL_DRIVER -DSTM32F746xx -c -I../Core/Inc -I../Drivers/STM32F7xx_HAL_Driver/Inc -I../Drivers/STM32F7xx_HAL_Driver/Inc/Legacy -I../Drivers/CMSIS/Device/ST/STM32F7xx/Include -I../Drivers/CMSIS/Include -O0 -ffunction-sections -fdata-sections -Wall -fstack-usage -fcyclomatic-complexity -MMD -MP -MF"Core/Src/main.d" -MT"Core/Src/main.o" --specs=nano.specs -mfpu=fpv5-sp-d16 -mfloat-abi=hard -mthumb -o "Core/Src/main.o"
../Core/Src/main.c: In function 'main':
../Core/Src/main.c:121:21: warning: unused variable 'readStatus' [-Wunused-variable]
  121 |   HAL_StatusTypeDef readStatus = HAL_I2C_Mem_Read(
      |                     ^~~~~~~~~~
arm-none-eabi-gcc -o "I2C_test2.elf" @"objects.list"   -mcpu=cortex-m7 -T"/home/invadl0640/Desktop/STM32 Codes/I2C_test2/STM32F746NGHX_FLASH.ld" --specs=nosys.specs -Wl,-Map="I2C_test2.map" -Wl,--gc-sections -static --specs=nano.specs -mfpu=fpv5-sp-d16 -mfloat-abi=hard -mthumb -Wl,--start-group -lc -lm -Wl,--end-group
Finished building target: I2C_test2.elf
 
arm-none-eabi-size  I2C_test2.elf 
arm-none-eabi-objdump -h -S I2C_test2.elf  > "I2C_test2.list"
   text	   data	    bss	    dec	    hex	filename
  10892	     20	   1660	  12572	   311c	I2C_test2.elf
Finished building: default.size.stdout
 
Finished building: I2C_test2.list
 
10:50:57 **** Incremental Build of configuration Debug for project gpio_init_baremetal ****
make -j12 all 
arm-none-eabi-size  gpio_init_baremetal.elf 
   text	   data	    bss	    dec	    hex	filename
   5240	     12	   1572	   6824	   1aa8	gpio_init_baremetal.elf
Finished building: default.size.stdout
 
10:57:40 **** Incremental Build of configuration Debug for project i2c_bit_banging ****
make -j12 all 
arm-none-eabi-gcc "../Core/Src/main.c" -mcpu=cortex-m7 -std=gnu11 -g3 -DDEBUG -DUSE_HAL_DRIVER -DSTM32F746xx -c -I../Core/Inc -I../Drivers/STM32F7xx_HAL_Driver/Inc -I../Drivers/STM32F7xx_HAL_Driver/Inc/Legacy -I../Drivers/CMSIS/Device/ST/STM32F7xx/Include -I../Drivers/CMSIS/Include -O0 -ffunction-sections -fdata-sections -Wall -fstack-usage -fcyclomatic-complexity -MMD -MP -MF"Core/Src/main.d" -MT"Core/Src/main.o" --specs=nano.specs -mfpu=fpv5-sp-d16 -mfloat-abi=hard -mthumb -o "Core/Src/main.o"
arm-none-eabi-gcc -o "i2c_bit_banging.elf" @"objects.list"   -mcpu=cortex-m7 -T"/home/invadl0640/Desktop/STM32 Codes/i2c_bit_banging/STM32F746NGHX_FLASH.ld" --specs=nosys.specs -Wl,-Map="i2c_bit_banging.map" -Wl,--gc-sections -static --specs=nano.specs -mfpu=fpv5-sp-d16 -mfloat-abi=hard -mthumb -Wl,--start-group -lc -lm -Wl,--end-group
Finished building target: i2c_bit_banging.elf
 
arm-none-eabi-size  i2c_bit_banging.elf 
arm-none-eabi-objdump -h -S i2c_bit_banging.elf  > "i2c_bit_banging.list"
   text	   data	    bss	    dec	    hex	filename
   6160	     32	   1592	   7784	   1e68	i2c_bit_banging.elf
Finished building: default.size.stdout
 
Finished building: i2c_bit_banging.list
 
10:57:49 **** Incremental Build of configuration Debug for project gpio_init_baremetal ****
make -j12 all 
arm-none-eabi-size  gpio_init_baremetal.elf 
   text	   data	    bss	    dec	    hex	filename
   5240	     12	   1572	   6824	   1aa8	gpio_init_baremetal.elf
Finished building: default.size.stdout
 
10:58:15 **** Incremental Build of configuration Debug for project i2c_bit_banging ****
make -j12 all 
arm-none-eabi-size  i2c_bit_banging.elf 
   text	   data	    bss	    dec	    hex	filename
   6160	     32	   1592	   7784	   1e68	i2c_bit_banging.elf
Finished building: default.size.stdout
 
10:58:31 **** Incremental Build of configuration Debug for project gpio_init_baremetal ****
make -j12 all 
arm-none-eabi-size  gpio_init_baremetal.elf 
   text	   data	    bss	    dec	    hex	filename
   5240	     12	   1572	   6824	   1aa8	gpio_init_baremetal.elf
Finished building: default.size.stdout
 
10:59:50 **** Incremental Build of configuration Debug for project gpio_init_baremetal ****
make -j12 all 
arm-none-eabi-size  gpio_init_baremetal.elf 
   text	   data	    bss	    dec	    hex	filename
   5240	     12	   1572	   6824	   1aa8	gpio_init_baremetal.elf
Finished building: default.size.stdout
 
11:00:36 **** Incremental Build of configuration Debug for project i2c_bit_banging ****
make -j12 all 
arm-none-eabi-size  i2c_bit_banging.elf 
   text	   data	    bss	    dec	    hex	filename
   6160	     32	   1592	   7784	   1e68	i2c_bit_banging.elf
Finished building: default.size.stdout
 
11:00:51 **** Incremental Build of configuration Debug for project gpio_init_baremetal ****
make -j12 all 
arm-none-eabi-size  gpio_init_baremetal.elf 
   text	   data	    bss	    dec	    hex	filename
   5240	     12	   1572	   6824	   1aa8	gpio_init_baremetal.elf
Finished building: default.size.stdout
 
11:01:57 **** Incremental Build of configuration Debug for project gpio_init_baremetal ****
make -j12 all 
arm-none-eabi-size  gpio_init_baremetal.elf 
   text	   data	    bss	    dec	    hex	filename
   5240	     12	   1572	   6824	   1aa8	gpio_init_baremetal.elf
Finished building: default.size.stdout
 
11:02:29 **** Incremental Build of configuration Debug for project gpio_init_baremetal ****
make -j12 all 
arm-none-eabi-size  gpio_init_baremetal.elf 
   text	   data	    bss	    dec	    hex	filename
   5240	     12	   1572	   6824	   1aa8	gpio_init_baremetal.elf
Finished building: default.size.stdout
 
11:02:57 **** Incremental Build of configuration Debug for project gpio_init_baremetal ****
make -j12 all 
arm-none-eabi-size  gpio_init_baremetal.elf 
   text	   data	    bss	    dec	    hex	filename
   5240	     12	   1572	   6824	   1aa8	gpio_init_baremetal.elf
Finished building: default.size.stdout
 
11:11:46 **** Incremental Build of configuration Debug for project i2c_bit_banging ****
make -j12 all 
arm-none-eabi-gcc "../Core/Src/main.c" -mcpu=cortex-m7 -std=gnu11 -g3 -DDEBUG -DUSE_HAL_DRIVER -DSTM32F746xx -c -I../Core/Inc -I../Drivers/STM32F7xx_HAL_Driver/Inc -I../Drivers/STM32F7xx_HAL_Driver/Inc/Legacy -I../Drivers/CMSIS/Device/ST/STM32F7xx/Include -I../Drivers/CMSIS/Include -O0 -ffunction-sections -fdata-sections -Wall -fstack-usage -fcyclomatic-complexity -MMD -MP -MF"Core/Src/main.d" -MT"Core/Src/main.o" --specs=nano.specs -mfpu=fpv5-sp-d16 -mfloat-abi=hard -mthumb -o "Core/Src/main.o"
arm-none-eabi-gcc -o "i2c_bit_banging.elf" @"objects.list"   -mcpu=cortex-m7 -T"/home/invadl0640/Desktop/STM32 Codes/i2c_bit_banging/STM32F746NGHX_FLASH.ld" --specs=nosys.specs -Wl,-Map="i2c_bit_banging.map" -Wl,--gc-sections -static --specs=nano.specs -mfpu=fpv5-sp-d16 -mfloat-abi=hard -mthumb -Wl,--start-group -lc -lm -Wl,--end-group
Finished building target: i2c_bit_banging.elf
 
arm-none-eabi-size  i2c_bit_banging.elf 
arm-none-eabi-objdump -h -S i2c_bit_banging.elf  > "i2c_bit_banging.list"
   text	   data	    bss	    dec	    hex	filename
   6184	     32	   1592	   7808	   1e80	i2c_bit_banging.elf
Finished building: default.size.stdout
 
Finished building: i2c_bit_banging.list
 
11:12:01 **** Incremental Build of configuration Debug for project gpio_init_baremetal ****
make -j12 all 
arm-none-eabi-size  gpio_init_baremetal.elf 
   text	   data	    bss	    dec	    hex	filename
   5240	     12	   1572	   6824	   1aa8	gpio_init_baremetal.elf
Finished building: default.size.stdout
 
11:12:44 **** Incremental Build of configuration Debug for project gpio_init_baremetal ****
make -j12 all 
arm-none-eabi-size  gpio_init_baremetal.elf 
   text	   data	    bss	    dec	    hex	filename
   5240	     12	   1572	   6824	   1aa8	gpio_init_baremetal.elf
Finished building: default.size.stdout
 
11:13:32 **** Incremental Build of configuration Debug for project I2C_test2 ****
make -j12 all 
arm-none-eabi-gcc "../Core/Src/main.c" -mcpu=cortex-m7 -std=gnu11 -g3 -DDEBUG -DUSE_HAL_DRIVER -DSTM32F746xx -c -I../Core/Inc -I../Drivers/STM32F7xx_HAL_Driver/Inc -I../Drivers/STM32F7xx_HAL_Driver/Inc/Legacy -I../Drivers/CMSIS/Device/ST/STM32F7xx/Include -I../Drivers/CMSIS/Include -O0 -ffunction-sections -fdata-sections -Wall -fstack-usage -fcyclomatic-complexity -MMD -MP -MF"Core/Src/main.d" -MT"Core/Src/main.o" --specs=nano.specs -mfpu=fpv5-sp-d16 -mfloat-abi=hard -mthumb -o "Core/Src/main.o"
../Core/Src/main.c: In function 'main':
../Core/Src/main.c:121:21: warning: unused variable 'readStatus' [-Wunused-variable]
  121 |   HAL_StatusTypeDef readStatus = HAL_I2C_Mem_Read(
      |                     ^~~~~~~~~~
arm-none-eabi-gcc -o "I2C_test2.elf" @"objects.list"   -mcpu=cortex-m7 -T"/home/invadl0640/Desktop/STM32 Codes/I2C_test2/STM32F746NGHX_FLASH.ld" --specs=nosys.specs -Wl,-Map="I2C_test2.map" -Wl,--gc-sections -static --specs=nano.specs -mfpu=fpv5-sp-d16 -mfloat-abi=hard -mthumb -Wl,--start-group -lc -lm -Wl,--end-group
Finished building target: I2C_test2.elf
 
arm-none-eabi-size  I2C_test2.elf 
arm-none-eabi-objdump -h -S I2C_test2.elf  > "I2C_test2.list"
   text	   data	    bss	    dec	    hex	filename
  10892	     20	   1660	  12572	   311c	I2C_test2.elf
Finished building: default.size.stdout
 
Finished building: I2C_test2.list
 
11:14:18 **** Incremental Build of configuration Debug for project i2c_bit_banging ****
make -j12 all 
arm-none-eabi-gcc "../Core/Src/main.c" -mcpu=cortex-m7 -std=gnu11 -g3 -DDEBUG -DUSE_HAL_DRIVER -DSTM32F746xx -c -I../Core/Inc -I../Drivers/STM32F7xx_HAL_Driver/Inc -I../Drivers/STM32F7xx_HAL_Driver/Inc/Legacy -I../Drivers/CMSIS/Device/ST/STM32F7xx/Include -I../Drivers/CMSIS/Include -O0 -ffunction-sections -fdata-sections -Wall -fstack-usage -fcyclomatic-complexity -MMD -MP -MF"Core/Src/main.d" -MT"Core/Src/main.o" --specs=nano.specs -mfpu=fpv5-sp-d16 -mfloat-abi=hard -mthumb -o "Core/Src/main.o"
arm-none-eabi-gcc -o "i2c_bit_banging.elf" @"objects.list"   -mcpu=cortex-m7 -T"/home/invadl0640/Desktop/STM32 Codes/i2c_bit_banging/STM32F746NGHX_FLASH.ld" --specs=nosys.specs -Wl,-Map="i2c_bit_banging.map" -Wl,--gc-sections -static --specs=nano.specs -mfpu=fpv5-sp-d16 -mfloat-abi=hard -mthumb -Wl,--start-group -lc -lm -Wl,--end-group
Finished building target: i2c_bit_banging.elf
 
arm-none-eabi-size  i2c_bit_banging.elf 
arm-none-eabi-objdump -h -S i2c_bit_banging.elf  > "i2c_bit_banging.list"
   text	   data	    bss	    dec	    hex	filename
   6184	     32	   1592	   7808	   1e80	i2c_bit_banging.elf
Finished building: default.size.stdout
 
Finished building: i2c_bit_banging.list
 
11:14:39 **** Incremental Build of configuration Debug for project gpio_init_baremetal ****
make -j12 all 
arm-none-eabi-size  gpio_init_baremetal.elf 
   text	   data	    bss	    dec	    hex	filename
   5240	     12	   1572	   6824	   1aa8	gpio_init_baremetal.elf
Finished building: default.size.stdout
 
11:15:16 **** Incremental Build of configuration Debug for project gpio_init_baremetal ****
make -j12 all 
arm-none-eabi-size  gpio_init_baremetal.elf 
   text	   data	    bss	    dec	    hex	filename
   5240	     12	   1572	   6824	   1aa8	gpio_init_baremetal.elf
Finished building: default.size.stdout
 
11:16:13 **** Incremental Build of configuration Debug for project i2c_bit_banging ****
make -j12 all 
arm-none-eabi-gcc "../Core/Src/main.c" -mcpu=cortex-m7 -std=gnu11 -g3 -DDEBUG -DUSE_HAL_DRIVER -DSTM32F746xx -c -I../Core/Inc -I../Drivers/STM32F7xx_HAL_Driver/Inc -I../Drivers/STM32F7xx_HAL_Driver/Inc/Legacy -I../Drivers/CMSIS/Device/ST/STM32F7xx/Include -I../Drivers/CMSIS/Include -O0 -ffunction-sections -fdata-sections -Wall -fstack-usage -fcyclomatic-complexity -MMD -MP -MF"Core/Src/main.d" -MT"Core/Src/main.o" --specs=nano.specs -mfpu=fpv5-sp-d16 -mfloat-abi=hard -mthumb -o "Core/Src/main.o"
arm-none-eabi-gcc -o "i2c_bit_banging.elf" @"objects.list"   -mcpu=cortex-m7 -T"/home/invadl0640/Desktop/STM32 Codes/i2c_bit_banging/STM32F746NGHX_FLASH.ld" --specs=nosys.specs -Wl,-Map="i2c_bit_banging.map" -Wl,--gc-sections -static --specs=nano.specs -mfpu=fpv5-sp-d16 -mfloat-abi=hard -mthumb -Wl,--start-group -lc -lm -Wl,--end-group
Finished building target: i2c_bit_banging.elf
 
arm-none-eabi-size  i2c_bit_banging.elf 
arm-none-eabi-objdump -h -S i2c_bit_banging.elf  > "i2c_bit_banging.list"
   text	   data	    bss	    dec	    hex	filename
   6184	     20	   1580	   7784	   1e68	i2c_bit_banging.elf
Finished building: default.size.stdout
 
Finished building: i2c_bit_banging.list
 
11:16:35 **** Incremental Build of configuration Debug for project gpio_init_baremetal ****
make -j12 all 
arm-none-eabi-size  gpio_init_baremetal.elf 
   text	   data	    bss	    dec	    hex	filename
   5240	     12	   1572	   6824	   1aa8	gpio_init_baremetal.elf
Finished building: default.size.stdout
 
11:17:01 **** Incremental Build of configuration Debug for project gpio_init_baremetal ****
make -j12 all 
arm-none-eabi-size  gpio_init_baremetal.elf 
   text	   data	    bss	    dec	    hex	filename
   5240	     12	   1572	   6824	   1aa8	gpio_init_baremetal.elf
Finished building: default.size.stdout
 
11:34:45 **** Incremental Build of configuration Debug for project i2c_bit_banging ****
make -j12 all 
arm-none-eabi-gcc "../Core/Src/main.c" -mcpu=cortex-m7 -std=gnu11 -g3 -DDEBUG -DUSE_HAL_DRIVER -DSTM32F746xx -c -I../Core/Inc -I../Drivers/STM32F7xx_HAL_Driver/Inc -I../Drivers/STM32F7xx_HAL_Driver/Inc/Legacy -I../Drivers/CMSIS/Device/ST/STM32F7xx/Include -I../Drivers/CMSIS/Include -O0 -ffunction-sections -fdata-sections -Wall -fstack-usage -fcyclomatic-complexity -MMD -MP -MF"Core/Src/main.d" -MT"Core/Src/main.o" --specs=nano.specs -mfpu=fpv5-sp-d16 -mfloat-abi=hard -mthumb -o "Core/Src/main.o"
arm-none-eabi-gcc -o "i2c_bit_banging.elf" @"objects.list"   -mcpu=cortex-m7 -T"/home/invadl0640/Desktop/STM32 Codes/i2c_bit_banging/STM32F746NGHX_FLASH.ld" --specs=nosys.specs -Wl,-Map="i2c_bit_banging.map" -Wl,--gc-sections -static --specs=nano.specs -mfpu=fpv5-sp-d16 -mfloat-abi=hard -mthumb -Wl,--start-group -lc -lm -Wl,--end-group
Finished building target: i2c_bit_banging.elf
 
arm-none-eabi-size  i2c_bit_banging.elf 
arm-none-eabi-objdump -h -S i2c_bit_banging.elf  > "i2c_bit_banging.list"
   text	   data	    bss	    dec	    hex	filename
   6232	     20	   1580	   7832	   1e98	i2c_bit_banging.elf
Finished building: default.size.stdout
 
Finished building: i2c_bit_banging.list
 
11:34:58 **** Incremental Build of configuration Debug for project gpio_init_baremetal ****
make -j12 all 
arm-none-eabi-size  gpio_init_baremetal.elf 
   text	   data	    bss	    dec	    hex	filename
   5240	     12	   1572	   6824	   1aa8	gpio_init_baremetal.elf
Finished building: default.size.stdout
 
11:39:00 **** Incremental Build of configuration Debug for project i2c_bit_banging ****
make -j12 all 
arm-none-eabi-gcc "../Core/Src/main.c" -mcpu=cortex-m7 -std=gnu11 -g3 -DDEBUG -DUSE_HAL_DRIVER -DSTM32F746xx -c -I../Core/Inc -I../Drivers/STM32F7xx_HAL_Driver/Inc -I../Drivers/STM32F7xx_HAL_Driver/Inc/Legacy -I../Drivers/CMSIS/Device/ST/STM32F7xx/Include -I../Drivers/CMSIS/Include -O0 -ffunction-sections -fdata-sections -Wall -fstack-usage -fcyclomatic-complexity -MMD -MP -MF"Core/Src/main.d" -MT"Core/Src/main.o" --specs=nano.specs -mfpu=fpv5-sp-d16 -mfloat-abi=hard -mthumb -o "Core/Src/main.o"
../Core/Src/main.c: In function 'main':
../Core/Src/main.c:147:19: warning: unused variable 'status' [-Wunused-variable]
  147 |           uint8_t status = 1;
      |                   ^~~~~~
arm-none-eabi-gcc -o "i2c_bit_banging.elf" @"objects.list"   -mcpu=cortex-m7 -T"/home/invadl0640/Desktop/STM32 Codes/i2c_bit_banging/STM32F746NGHX_FLASH.ld" --specs=nosys.specs -Wl,-Map="i2c_bit_banging.map" -Wl,--gc-sections -static --specs=nano.specs -mfpu=fpv5-sp-d16 -mfloat-abi=hard -mthumb -Wl,--start-group -lc -lm -Wl,--end-group
Finished building target: i2c_bit_banging.elf
 
arm-none-eabi-size  i2c_bit_banging.elf 
arm-none-eabi-objdump -h -S i2c_bit_banging.elf  > "i2c_bit_banging.list"
   text	   data	    bss	    dec	    hex	filename
   5868	     12	   1572	   7452	   1d1c	i2c_bit_banging.elf
Finished building: default.size.stdout
 
Finished building: i2c_bit_banging.list
 
11:39:48 **** Incremental Build of configuration Debug for project i2c_bit_banging ****
make -j12 all 
arm-none-eabi-gcc "../Core/Src/main.c" -mcpu=cortex-m7 -std=gnu11 -g3 -DDEBUG -DUSE_HAL_DRIVER -DSTM32F746xx -c -I../Core/Inc -I../Drivers/STM32F7xx_HAL_Driver/Inc -I../Drivers/STM32F7xx_HAL_Driver/Inc/Legacy -I../Drivers/CMSIS/Device/ST/STM32F7xx/Include -I../Drivers/CMSIS/Include -O0 -ffunction-sections -fdata-sections -Wall -fstack-usage -fcyclomatic-complexity -MMD -MP -MF"Core/Src/main.d" -MT"Core/Src/main.o" --specs=nano.specs -mfpu=fpv5-sp-d16 -mfloat-abi=hard -mthumb -o "Core/Src/main.o"
../Core/Src/main.c: In function 'main':
../Core/Src/main.c:138:11: warning: variable 'status' set but not used [-Wunused-but-set-variable]
  138 |   uint8_t status;
      |           ^~~~~~
arm-none-eabi-gcc -o "i2c_bit_banging.elf" @"objects.list"   -mcpu=cortex-m7 -T"/home/invadl0640/Desktop/STM32 Codes/i2c_bit_banging/STM32F746NGHX_FLASH.ld" --specs=nosys.specs -Wl,-Map="i2c_bit_banging.map" -Wl,--gc-sections -static --specs=nano.specs -mfpu=fpv5-sp-d16 -mfloat-abi=hard -mthumb -Wl,--start-group -lc -lm -Wl,--end-group
Finished building target: i2c_bit_banging.elf
 
arm-none-eabi-size  i2c_bit_banging.elf 
arm-none-eabi-objdump -h -S i2c_bit_banging.elf  > "i2c_bit_banging.list"
   text	   data	    bss	    dec	    hex	filename
   5872	     12	   1572	   7456	   1d20	i2c_bit_banging.elf
Finished building: default.size.stdout
 
Finished building: i2c_bit_banging.list
 
11:40:11 **** Incremental Build of configuration Debug for project i2c_bit_banging ****
make -j12 all 
arm-none-eabi-gcc "../Core/Src/main.c" -mcpu=cortex-m7 -std=gnu11 -g3 -DDEBUG -DUSE_HAL_DRIVER -DSTM32F746xx -c -I../Core/Inc -I../Drivers/STM32F7xx_HAL_Driver/Inc -I../Drivers/STM32F7xx_HAL_Driver/Inc/Legacy -I../Drivers/CMSIS/Device/ST/STM32F7xx/Include -I../Drivers/CMSIS/Include -O0 -ffunction-sections -fdata-sections -Wall -fstack-usage -fcyclomatic-complexity -MMD -MP -MF"Core/Src/main.d" -MT"Core/Src/main.o" --specs=nano.specs -mfpu=fpv5-sp-d16 -mfloat-abi=hard -mthumb -o "Core/Src/main.o"
../Core/Src/main.c: In function 'main':
../Core/Src/main.c:138:11: warning: variable 'status' set but not used [-Wunused-but-set-variable]
  138 |   uint8_t status=0;
      |           ^~~~~~
arm-none-eabi-gcc -o "i2c_bit_banging.elf" @"objects.list"   -mcpu=cortex-m7 -T"/home/invadl0640/Desktop/STM32 Codes/i2c_bit_banging/STM32F746NGHX_FLASH.ld" --specs=nosys.specs -Wl,-Map="i2c_bit_banging.map" -Wl,--gc-sections -static --specs=nano.specs -mfpu=fpv5-sp-d16 -mfloat-abi=hard -mthumb -Wl,--start-group -lc -lm -Wl,--end-group
Finished building target: i2c_bit_banging.elf
 
arm-none-eabi-size  i2c_bit_banging.elf 
arm-none-eabi-objdump -h -S i2c_bit_banging.elf  > "i2c_bit_banging.list"
   text	   data	    bss	    dec	    hex	filename
   5876	     12	   1572	   7460	   1d24	i2c_bit_banging.elf
Finished building: default.size.stdout
 
Finished building: i2c_bit_banging.list
 
11:40:34 **** Incremental Build of configuration Debug for project gpio_init_baremetal ****
make -j12 all 
arm-none-eabi-size  gpio_init_baremetal.elf 
   text	   data	    bss	    dec	    hex	filename
   5240	     12	   1572	   6824	   1aa8	gpio_init_baremetal.elf
Finished building: default.size.stdout
 
11:44:19 **** Incremental Build of configuration Debug for project i2c_bit_banging ****
make -j12 all 
arm-none-eabi-gcc "../Core/Src/main.c" -mcpu=cortex-m7 -std=gnu11 -g3 -DDEBUG -DUSE_HAL_DRIVER -DSTM32F746xx -c -I../Core/Inc -I../Drivers/STM32F7xx_HAL_Driver/Inc -I../Drivers/STM32F7xx_HAL_Driver/Inc/Legacy -I../Drivers/CMSIS/Device/ST/STM32F7xx/Include -I../Drivers/CMSIS/Include -O0 -ffunction-sections -fdata-sections -Wall -fstack-usage -fcyclomatic-complexity -MMD -MP -MF"Core/Src/main.d" -MT"Core/Src/main.o" --specs=nano.specs -mfpu=fpv5-sp-d16 -mfloat-abi=hard -mthumb -o "Core/Src/main.o"
../Core/Src/main.c: In function 'MX_GPIO_Init':
../Core/Src/main.c:332:45: warning: implicit declaration of function 's' [-Wimplicit-function-declaration]
  332 |         RCC->AHB1ENR |= RCC_AHB1ENR_GPIOBEN;s
      |                                             ^
../Core/Src/main.c:333:10: error: invalid type argument of '->' (have 'int')
  333 |     GPIOB->MODER &= ~(0x3 << (6 * 2)); // Clear MODER6
      |          ^~
make: *** [Core/Src/subdir.mk:34: Core/Src/main.o] Error 1
"make -j12 all" terminated with exit code 2. Build might be incomplete.
11:44:31 **** Incremental Build of configuration Debug for project i2c_bit_banging ****
make -j12 all 
arm-none-eabi-gcc "../Core/Src/main.c" -mcpu=cortex-m7 -std=gnu11 -g3 -DDEBUG -DUSE_HAL_DRIVER -DSTM32F746xx -c -I../Core/Inc -I../Drivers/STM32F7xx_HAL_Driver/Inc -I../Drivers/STM32F7xx_HAL_Driver/Inc/Legacy -I../Drivers/CMSIS/Device/ST/STM32F7xx/Include -I../Drivers/CMSIS/Include -O0 -ffunction-sections -fdata-sections -Wall -fstack-usage -fcyclomatic-complexity -MMD -MP -MF"Core/Src/main.d" -MT"Core/Src/main.o" --specs=nano.specs -mfpu=fpv5-sp-d16 -mfloat-abi=hard -mthumb -o "Core/Src/main.o"
arm-none-eabi-gcc -o "i2c_bit_banging.elf" @"objects.list"   -mcpu=cortex-m7 -T"/home/invadl0640/Desktop/STM32 Codes/i2c_bit_banging/STM32F746NGHX_FLASH.ld" --specs=nosys.specs -Wl,-Map="i2c_bit_banging.map" -Wl,--gc-sections -static --specs=nano.specs -mfpu=fpv5-sp-d16 -mfloat-abi=hard -mthumb -Wl,--start-group -lc -lm -Wl,--end-group
Finished building target: i2c_bit_banging.elf
 
arm-none-eabi-size  i2c_bit_banging.elf 
arm-none-eabi-objdump -h -S i2c_bit_banging.elf  > "i2c_bit_banging.list"
   text	   data	    bss	    dec	    hex	filename
   6248	     20	   1580	   7848	   1ea8	i2c_bit_banging.elf
Finished building: default.size.stdout
 
Finished building: i2c_bit_banging.list
 
11:44:43 **** Incremental Build of configuration Debug for project gpio_init_baremetal ****
make -j12 all 
arm-none-eabi-size  gpio_init_baremetal.elf 
   text	   data	    bss	    dec	    hex	filename
   5240	     12	   1572	   6824	   1aa8	gpio_init_baremetal.elf
Finished building: default.size.stdout
 
11:46:14 **** Incremental Build of configuration Debug for project i2c_bit_banging ****
make -j12 all 
arm-none-eabi-gcc "../Core/Src/main.c" -mcpu=cortex-m7 -std=gnu11 -g3 -DDEBUG -DUSE_HAL_DRIVER -DSTM32F746xx -c -I../Core/Inc -I../Drivers/STM32F7xx_HAL_Driver/Inc -I../Drivers/STM32F7xx_HAL_Driver/Inc/Legacy -I../Drivers/CMSIS/Device/ST/STM32F7xx/Include -I../Drivers/CMSIS/Include -O0 -ffunction-sections -fdata-sections -Wall -fstack-usage -fcyclomatic-complexity -MMD -MP -MF"Core/Src/main.d" -MT"Core/Src/main.o" --specs=nano.specs -mfpu=fpv5-sp-d16 -mfloat-abi=hard -mthumb -o "Core/Src/main.o"
arm-none-eabi-gcc -o "i2c_bit_banging.elf" @"objects.list"   -mcpu=cortex-m7 -T"/home/invadl0640/Desktop/STM32 Codes/i2c_bit_banging/STM32F746NGHX_FLASH.ld" --specs=nosys.specs -Wl,-Map="i2c_bit_banging.map" -Wl,--gc-sections -static --specs=nano.specs -mfpu=fpv5-sp-d16 -mfloat-abi=hard -mthumb -Wl,--start-group -lc -lm -Wl,--end-group
Finished building target: i2c_bit_banging.elf
 
arm-none-eabi-size  i2c_bit_banging.elf 
arm-none-eabi-objdump -h -S i2c_bit_banging.elf  > "i2c_bit_banging.list"
   text	   data	    bss	    dec	    hex	filename
   6248	     28	   1588	   7864	   1eb8	i2c_bit_banging.elf
Finished building: default.size.stdout
 
Finished building: i2c_bit_banging.list
 
11:46:20 **** Incremental Build of configuration Debug for project gpio_init_baremetal ****
make -j12 all 
arm-none-eabi-size  gpio_init_baremetal.elf 
   text	   data	    bss	    dec	    hex	filename
   5240	     12	   1572	   6824	   1aa8	gpio_init_baremetal.elf
Finished building: default.size.stdout
 
12:00:30 **** Incremental Build of configuration Debug for project I2C_test2 ****
make -j12 all 
arm-none-eabi-gcc "../Core/Src/main.c" -mcpu=cortex-m7 -std=gnu11 -g3 -DDEBUG -DUSE_HAL_DRIVER -DSTM32F746xx -c -I../Core/Inc -I../Drivers/STM32F7xx_HAL_Driver/Inc -I../Drivers/STM32F7xx_HAL_Driver/Inc/Legacy -I../Drivers/CMSIS/Device/ST/STM32F7xx/Include -I../Drivers/CMSIS/Include -O0 -ffunction-sections -fdata-sections -Wall -fstack-usage -fcyclomatic-complexity -MMD -MP -MF"Core/Src/main.d" -MT"Core/Src/main.o" --specs=nano.specs -mfpu=fpv5-sp-d16 -mfloat-abi=hard -mthumb -o "Core/Src/main.o"
arm-none-eabi-gcc -o "I2C_test2.elf" @"objects.list"   -mcpu=cortex-m7 -T"/home/invadl0640/Desktop/STM32 Codes/I2C_test2/STM32F746NGHX_FLASH.ld" --specs=nosys.specs -Wl,-Map="I2C_test2.map" -Wl,--gc-sections -static --specs=nano.specs -mfpu=fpv5-sp-d16 -mfloat-abi=hard -mthumb -Wl,--start-group -lc -lm -Wl,--end-group
Finished building target: I2C_test2.elf
 
arm-none-eabi-size  I2C_test2.elf 
arm-none-eabi-objdump -h -S I2C_test2.elf  > "I2C_test2.list"
   text	   data	    bss	    dec	    hex	filename
  11652	     20	   1660	  13332	   3414	I2C_test2.elf
Finished building: default.size.stdout
 
Finished building: I2C_test2.list
 
